City/Station,Station_Mean_PM25,Calculated_Dynamic_Threshold,Chunk_ID,Chunk_Start_Date,Chunk_End_Date,Local_Completeness,Total_Valid_Continuous_Hours_Extracted,status
Ahmedabad,41.38,3.0,Ahmedabad_C1,2021-06-04,2021-06-16,0.0789,0,DROPPED (len 266h < 2160h)
Ahmedabad,41.38,3.0,Ahmedabad_C2,2021-06-19,2021-06-24,0.0465,0,DROPPED (len 129h < 2160h)
Ahmedabad,41.38,3.0,Ahmedabad_C3,2021-06-30,2021-07-25,0.0821,0,DROPPED (len 609h < 2160h)
Ahmedabad,41.38,3.0,Ahmedabad_C4,2021-08-25,2021-08-25,1.0,0,DROPPED (len 2h < 2160h)
Ahmedabad,41.38,3.0,Ahmedabad_C5,2021-09-01,2021-09-30,0.7014,0,DROPPED (len 690h < 2160h)
Ahmedabad,41.38,3.0,Ahmedabad_C6,2021-11-03,2022-01-05,0.6649,0,DROPPED (len 1519h < 2160h)
Ahmedabad,41.38,3.0,Ahmedabad_C7,2022-01-20,2022-02-02,0.2045,0,DROPPED (len 313h < 2160h)
Ahmedabad,41.38,3.0,Ahmedabad_C8,2022-03-25,2022-04-23,0.7514,0,DROPPED (len 696h < 2160h)
Ahmedabad,41.38,3.0,Ahmedabad_C9,2022-04-29,2022-04-29,1.0,0,DROPPED (len 2h < 2160h)
Ahmedabad,41.38,3.0,Ahmedabad_C10,2022-05-03,2022-05-05,0.3889,0,DROPPED (len 72h < 2160h)
Ahmedabad,41.38,3.0,Ahmedabad_C11,2022-05-21,2022-05-28,0.6353,0,DROPPED (len 170h < 2160h)
Ahmedabad,41.38,3.0,Ahmedabad_C12,2022-06-06,2022-06-06,1.0,0,DROPPED (len 23h < 2160h)
Ahmedabad,41.38,3.0,Ahmedabad_C13,2022-09-23,2022-10-09,0.875,0,DROPPED (len 408h < 2160h)
Ahmedabad,41.38,3.0,Ahmedabad_C14,2022-10-13,2022-10-16,0.8642,0,DROPPED (len 81h < 2160h)
Ahmedabad,41.38,3.0,Ahmedabad_C15,2025-02-19,2026-01-10,0.9116,381384,KEPT
Ahmedabad,41.38,3.0,Ahmedabad_C16,2026-01-20,2026-07-13,0.8794,173952,KEPT
Bengaluru,31.68,3.0,Bengaluru_C1,2021-01-01,2021-01-22,0.6369,0,DROPPED (len 515h < 2160h)
Bengaluru,31.68,3.0,Bengaluru_C2,2021-03-01,2021-03-01,0.875,0,DROPPED (len 8h < 2160h)
Bengaluru,31.68,3.0,Bengaluru_C3,2021-04-09,2021-04-09,0.2727,0,DROPPED (len 11h < 2160h)
Bengaluru,31.68,3.0,Bengaluru_C4,2021-04-13,2021-04-13,0.0909,0,DROPPED (len 22h < 2160h)
Bengaluru,31.68,3.0,Bengaluru_C5,2021-06-01,2021-06-01,0.1333,0,DROPPED (len 15h < 2160h)
Bengaluru,31.68,3.0,Bengaluru_C6,2021-06-05,2021-06-15,0.0493,0,DROPPED (len 223h < 2160h)
Bengaluru,31.68,3.0,Bengaluru_C7,2021-06-19,2021-06-23,0.0612,0,DROPPED (len 98h < 2160h)
Bengaluru,31.68,3.0,Bengaluru_C8,2021-07-01,2021-07-01,1.0,0,DROPPED (len 1h < 2160h)
Bengaluru,31.68,3.0,Bengaluru_C9,2021-07-08,2021-07-08,1.0,0,DROPPED (len 1h < 2160h)
Bengaluru,31.68,3.0,Bengaluru_C10,2021-07-14,2021-07-17,0.0278,0,DROPPED (len 72h < 2160h)
Bengaluru,31.68,3.0,Bengaluru_C11,2021-07-20,2021-07-22,0.0392,0,DROPPED (len 51h < 2160h)
Bengaluru,31.68,3.0,Bengaluru_C12,2021-08-25,2021-08-25,1.0,0,DROPPED (len 1h < 2160h)
Bengaluru,31.68,3.0,Bengaluru_C13,2021-09-01,2021-09-10,0.885,0,DROPPED (len 200h < 2160h)
Bengaluru,31.68,3.0,Bengaluru_C14,2021-09-14,2021-09-30,0.8929,0,DROPPED (len 392h < 2160h)
Bengaluru,31.68,3.0,Bengaluru_C15,2021-10-13,2021-10-14,1.0,0,DROPPED (len 18h < 2160h)
Bengaluru,31.68,3.0,Bengaluru_C16,2021-10-21,2021-12-19,0.6321,0,DROPPED (len 1438h < 2160h)
Bengaluru,31.68,3.0,Bengaluru_C17,2021-12-24,2021-12-26,0.0556,0,DROPPED (len 54h < 2160h)
Bengaluru,31.68,3.0,Bengaluru_C18,2021-12-31,2022-02-03,0.408,0,DROPPED (len 799h < 2160h)
Bengaluru,31.68,3.0,Bengaluru_C19,2022-03-25,2022-04-23,0.7159,0,DROPPED (len 718h < 2160h)
Bengaluru,31.68,3.0,Bengaluru_C20,2022-04-28,2022-06-06,0.6392,0,DROPPED (len 959h < 2160h)
Bengaluru,31.68,3.0,Bengaluru_C21,2022-10-11,2022-10-16,0.7188,0,DROPPED (len 128h < 2160h)
Bengaluru,31.68,3.0,Bengaluru_C22,2022-10-31,2022-10-31,1.0,0,DROPPED (len 2h < 2160h)
Bengaluru,31.68,3.0,Bengaluru_C23,2025-02-19,2025-07-17,0.8465,0,DROPPED (comp 84.6% < 85.0%)
Bengaluru,31.68,3.0,Bengaluru_C24,2025-07-21,2025-09-09,0.9252,0,DROPPED (len 1203h < 2160h)
Bengaluru,31.68,3.0,Bengaluru_C25,2025-09-30,2025-11-07,0.885,0,DROPPED (len 904h < 2160h)
Bengaluru,31.68,3.0,Bengaluru_C26,2025-11-13,2026-01-10,0.9428,0,DROPPED (len 1398h < 2160h)
Bengaluru,31.68,3.0,Bengaluru_C27,2026-01-20,2026-02-12,0.9061,0,DROPPED (len 543h < 2160h)
Bengaluru,31.68,3.0,Bengaluru_C28,2026-02-17,2026-03-17,0.8199,0,DROPPED (len 672h < 2160h)
Bengaluru,31.68,3.0,Bengaluru_C29,2026-03-27,2026-04-05,0.7864,0,DROPPED (len 220h < 2160h)
Bengaluru,31.68,3.0,Bengaluru_C30,2026-04-28,2026-05-08,0.5733,0,DROPPED (len 232h < 2160h)
Bengaluru,31.68,3.0,Bengaluru_C31,2026-05-21,2026-06-06,0.6193,0,DROPPED (len 394h < 2160h)
Chennai,27.35,3.0,Chennai_C1,2025-02-19,2025-04-13,0.8269,0,DROPPED (len 1288h < 2160h)
Chennai,27.35,3.0,Chennai_C2,2025-04-17,2025-05-23,0.9374,0,DROPPED (len 879h < 2160h)
Chennai,27.35,3.0,Chennai_C3,2025-05-27,2025-07-30,0.8499,0,DROPPED (len 1552h < 2160h)
Chennai,27.35,3.0,Chennai_C4,2025-08-03,2025-08-14,0.9324,0,DROPPED (len 281h < 2160h)
Chennai,27.35,3.0,Chennai_C5,2025-09-02,2025-09-03,1.0,0,DROPPED (len 19h < 2160h)
Chennai,27.35,3.0,Chennai_C6,2025-09-08,2025-10-31,0.8388,0,DROPPED (len 1278h < 2160h)
Chennai,27.35,3.0,Chennai_C7,2025-11-07,2025-11-07,1.0,0,DROPPED (len 2h < 2160h)
Chennai,27.35,3.0,Chennai_C8,2025-11-10,2025-12-02,0.7514,0,DROPPED (len 527h < 2160h)
Delhi,89.34,4.47,Delhi_C1,2021-01-01,2021-01-27,0.792,0,DROPPED (len 625h < 2160h)
Delhi,89.34,4.47,Delhi_C2,2021-02-05,2021-04-24,0.3028,0,DROPPED (len 1869h < 2160h)
Delhi,89.34,4.47,Delhi_C3,2021-04-28,2021-05-20,0.0906,0,DROPPED (len 541h < 2160h)
Delhi,89.34,4.47,Delhi_C4,2021-05-25,2021-06-16,0.085,0,DROPPED (len 506h < 2160h)
Delhi,89.34,4.47,Delhi_C5,2021-06-19,2021-07-25,0.0925,0,DROPPED (len 876h < 2160h)
Delhi,89.34,4.47,Delhi_C6,2021-08-25,2021-08-25,1.0,0,DROPPED (len 1h < 2160h)
Delhi,89.34,4.47,Delhi_C7,2021-09-01,2021-09-30,0.8964,0,DROPPED (len 695h < 2160h)
Delhi,89.34,4.47,Delhi_C8,2021-10-13,2022-01-26,0.7876,0,DROPPED (comp 78.8% < 85.0%)
Delhi,89.34,4.47,Delhi_C9,2022-01-30,2022-02-06,0.5904,0,DROPPED (len 188h < 2160h)
Delhi,89.34,4.47,Delhi_C10,2022-03-25,2022-06-06,0.8021,0,DROPPED (len 1774h < 2160h)
Delhi,89.34,4.47,Delhi_C11,2022-09-23,2022-10-16,0.8171,0,DROPPED (len 574h < 2160h)
Delhi,89.34,4.47,Delhi_C12,2022-10-31,2022-10-31,1.0,0,DROPPED (len 2h < 2160h)
Delhi,89.34,4.47,Delhi_C13,2025-02-19,2025-02-27,0.729,0,DROPPED (len 214h < 2160h)
Delhi,89.34,4.47,Delhi_C14,2025-03-04,2026-01-10,0.9074,326448,KEPT
Delhi,89.34,4.47,Delhi_C15,2026-01-20,2026-05-19,0.8825,129672,KEPT
Delhi,89.34,4.47,Delhi_C16,2026-05-23,2026-06-09,0.7837,0,DROPPED (len 430h < 2160h)
Delhi,89.34,4.47,Delhi_C17,2026-06-16,2026-07-13,0.8164,0,DROPPED (len 670h < 2160h)
Hyderabad,40.05,3.0,Hyderabad_C1,2021-01-01,2021-01-22,0.3547,0,DROPPED (len 516h < 2160h)
Hyderabad,40.05,3.0,Hyderabad_C2,2021-03-01,2021-03-01,0.75,0,DROPPED (len 8h < 2160h)
Hyderabad,40.05,3.0,Hyderabad_C3,2021-04-09,2021-04-09,0.2727,0,DROPPED (len 11h < 2160h)
Hyderabad,40.05,3.0,Hyderabad_C4,2021-04-13,2021-04-13,0.1364,0,DROPPED (len 22h < 2160h)
Hyderabad,40.05,3.0,Hyderabad_C5,2021-05-17,2021-05-17,0.6667,0,DROPPED (len 3h < 2160h)
Hyderabad,40.05,3.0,Hyderabad_C6,2021-06-01,2021-06-02,0.0465,0,DROPPED (len 43h < 2160h)
Hyderabad,40.05,3.0,Hyderabad_C7,2021-06-07,2021-06-08,0.1667,0,DROPPED (len 30h < 2160h)
Hyderabad,40.05,3.0,Hyderabad_C8,2021-06-19,2021-06-19,1.0,0,DROPPED (len 1h < 2160h)
Hyderabad,40.05,3.0,Hyderabad_C9,2021-06-26,2021-07-09,0.0507,0,DROPPED (len 335h < 2160h)
Hyderabad,40.05,3.0,Hyderabad_C10,2021-07-15,2021-07-25,0.0649,0,DROPPED (len 231h < 2160h)
Hyderabad,40.05,3.0,Hyderabad_C11,2021-09-01,2021-09-30,0.5216,0,DROPPED (len 696h < 2160h)
Hyderabad,40.05,3.0,Hyderabad_C12,2021-10-13,2021-12-26,0.8043,0,DROPPED (len 1773h < 2160h)
Hyderabad,40.05,3.0,Hyderabad_C13,2021-12-30,2022-02-03,0.4043,0,DROPPED (len 841h < 2160h)
Hyderabad,40.05,3.0,Hyderabad_C14,2022-03-25,2022-04-23,0.738,0,DROPPED (len 706h < 2160h)
Hyderabad,40.05,3.0,Hyderabad_C15,2022-04-28,2022-04-30,0.9861,0,DROPPED (len 72h < 2160h)
Hyderabad,40.05,3.0,Hyderabad_C16,2022-05-05,2022-06-06,0.6253,0,DROPPED (len 790h < 2160h)
Hyderabad,40.05,3.0,Hyderabad_C17,2022-09-23,2022-10-16,0.7561,0,DROPPED (len 574h < 2160h)
Hyderabad,40.05,3.0,Hyderabad_C18,2022-10-31,2022-10-31,1.0,0,DROPPED (len 2h < 2160h)
Hyderabad,40.05,3.0,Hyderabad_C19,2025-02-19,2026-01-10,0.8937,321336,KEPT
Hyderabad,40.05,3.0,Hyderabad_C20,2026-01-20,2026-07-13,0.8797,198216,KEPT
Kolkata,53.84,3.0,Kolkata_C1,2021-01-01,2021-01-25,0.5392,0,DROPPED (len 586h < 2160h)
Kolkata,53.84,3.0,Kolkata_C2,2021-03-01,2021-03-01,0.6,0,DROPPED (len 5h < 2160h)
Kolkata,53.84,3.0,Kolkata_C3,2021-05-17,2021-05-17,0.375,0,DROPPED (len 8h < 2160h)
Kolkata,53.84,3.0,Kolkata_C4,2021-06-01,2021-06-08,0.1006,0,DROPPED (len 169h < 2160h)
Kolkata,53.84,3.0,Kolkata_C5,2021-06-13,2021-06-15,0.186,0,DROPPED (len 43h < 2160h)
Kolkata,53.84,3.0,Kolkata_C6,2021-06-26,2021-06-27,0.12,0,DROPPED (len 25h < 2160h)
Kolkata,53.84,3.0,Kolkata_C7,2021-07-01,2021-07-25,0.1124,0,DROPPED (len 587h < 2160h)
Kolkata,53.84,3.0,Kolkata_C8,2021-08-25,2021-08-25,1.0,0,DROPPED (len 1h < 2160h)
Kolkata,53.84,3.0,Kolkata_C9,2021-09-01,2021-09-11,0.4353,0,DROPPED (len 232h < 2160h)
Kolkata,53.84,3.0,Kolkata_C10,2021-09-15,2021-09-30,0.859,0,DROPPED (len 376h < 2160h)
Kolkata,53.84,3.0,Kolkata_C11,2021-10-13,2022-01-03,0.8077,0,DROPPED (len 1950h < 2160h)
Kolkata,53.84,3.0,Kolkata_C12,2022-01-06,2022-01-06,1.0,0,DROPPED (len 1h < 2160h)
Kolkata,53.84,3.0,Kolkata_C13,2022-01-10,2022-01-10,1.0,0,DROPPED (len 1h < 2160h)
Kolkata,53.84,3.0,Kolkata_C14,2022-01-17,2022-01-17,1.0,0,DROPPED (len 1h < 2160h)
Kolkata,53.84,3.0,Kolkata_C15,2022-01-20,2022-02-03,0.2236,0,DROPPED (len 322h < 2160h)
Kolkata,53.84,3.0,Kolkata_C16,2022-03-25,2022-04-23,0.7326,0,DROPPED (len 718h < 2160h)
Kolkata,53.84,3.0,Kolkata_C17,2022-04-28,2022-06-06,0.5948,0,DROPPED (len 960h < 2160h)
Kolkata,53.84,3.0,Kolkata_C18,2022-09-23,2022-10-16,0.723,0,DROPPED (len 574h < 2160h)
Kolkata,53.84,3.0,Kolkata_C19,2022-10-31,2022-10-31,1.0,0,DROPPED (len 2h < 2160h)
Kolkata,53.84,3.0,Kolkata_C20,2025-02-19,2026-01-10,0.9539,440424,KEPT
Kolkata,53.84,3.0,Kolkata_C21,2026-01-20,2026-07-13,0.9048,208368,KEPT
Lucknow,60.34,3.02,Lucknow_C1,2025-02-19,2026-01-10,0.9096,368424,KEPT
Lucknow,60.34,3.02,Lucknow_C2,2026-01-20,2026-07-13,0.845,0,DROPPED (comp 84.5% < 85.0%)
Maninagar Ahmedabad Gpcb,48.5,3.0,Maninagar Ahmedabad Gpcb_C1,2021-01-01,2021-01-26,0.4368,0,DROPPED (len 593h < 2160h)
Maninagar Ahmedabad Gpcb,48.5,3.0,Maninagar Ahmedabad Gpcb_C2,2021-03-01,2021-03-01,0.75,0,DROPPED (len 4h < 2160h)
Maninagar Ahmedabad Gpcb,48.5,3.0,Maninagar Ahmedabad Gpcb_C3,2021-04-09,2021-04-09,1.0,0,DROPPED (len 2h < 2160h)
Maninagar Ahmedabad Gpcb,48.5,3.0,Maninagar Ahmedabad Gpcb_C4,2021-04-13,2021-04-13,0.1364,0,DROPPED (len 22h < 2160h)
Maninagar Ahmedabad Gpcb,48.5,3.0,Maninagar Ahmedabad Gpcb_C5,2021-05-17,2021-05-17,0.75,0,DROPPED (len 4h < 2160h)
Maninagar Ahmedabad Gpcb,48.5,3.0,Maninagar Ahmedabad Gpcb_C6,2021-06-01,2021-06-08,0.0929,0,DROPPED (len 183h < 2160h)
Maninagar Ahmedabad Gpcb,48.5,3.0,Maninagar Ahmedabad Gpcb_C7,2021-06-24,2021-07-01,0.0615,0,DROPPED (len 179h < 2160h)
Maninagar Ahmedabad Gpcb,48.5,3.0,Maninagar Ahmedabad Gpcb_C8,2021-07-05,2021-07-09,0.0727,0,DROPPED (len 110h < 2160h)
Maninagar Ahmedabad Gpcb,48.5,3.0,Maninagar Ahmedabad Gpcb_C9,2021-07-15,2021-07-25,0.1186,0,DROPPED (len 236h < 2160h)
Maninagar Ahmedabad Gpcb,48.5,3.0,Maninagar Ahmedabad Gpcb_C10,2021-08-25,2021-08-25,1.0,0,DROPPED (len 1h < 2160h)
Maninagar Ahmedabad Gpcb,48.5,3.0,Maninagar Ahmedabad Gpcb_C11,2021-09-01,2021-09-30,0.4245,0,DROPPED (len 695h < 2160h)
Maninagar Ahmedabad Gpcb,48.5,3.0,Maninagar Ahmedabad Gpcb_C12,2021-10-13,2022-02-02,0.6677,0,DROPPED (comp 66.8% < 85.0%)
Maninagar Ahmedabad Gpcb,48.5,3.0,Maninagar Ahmedabad Gpcb_C13,2022-03-25,2022-04-23,0.7409,0,DROPPED (len 718h < 2160h)
Maninagar Ahmedabad Gpcb,48.5,3.0,Maninagar Ahmedabad Gpcb_C14,2022-04-28,2022-06-06,0.6292,0,DROPPED (len 960h < 2160h)
Maninagar Ahmedabad Gpcb,48.5,3.0,Maninagar Ahmedabad Gpcb_C15,2022-09-23,2022-10-16,0.8484,0,DROPPED (len 574h < 2160h)
Maninagar Ahmedabad Gpcb,48.5,3.0,Maninagar Ahmedabad Gpcb_C16,2022-10-31,2022-10-31,1.0,0,DROPPED (len 2h < 2160h)
Maninagar Ahmedabad Gpcb,48.5,3.0,Maninagar Ahmedabad Gpcb_C17,2025-02-19,2026-01-10,0.8416,0,DROPPED (comp 84.2% < 85.0%)
Maninagar Ahmedabad Gpcb,48.5,3.0,Maninagar Ahmedabad Gpcb_C18,2026-01-20,2026-06-02,0.8504,112680,KEPT
Maninagar Ahmedabad Gpcb,48.5,3.0,Maninagar Ahmedabad Gpcb_C19,2026-06-06,2026-07-13,0.7925,0,DROPPED (len 911h < 2160h)
Mumbai,39.92,3.0,Mumbai_C1,2025-02-19,2025-03-29,0.8469,0,DROPPED (len 921h < 2160h)
Mumbai,39.92,3.0,Mumbai_C2,2025-04-01,2025-04-14,0.7045,0,DROPPED (len 308h < 2160h)
Mumbai,39.92,3.0,Mumbai_C3,2025-04-25,2025-06-14,0.8422,0,DROPPED (len 1204h < 2160h)
Mumbai,39.92,3.0,Mumbai_C4,2025-06-24,2025-12-20,0.8334,0,DROPPED (comp 83.3% < 85.0%)
Mumbai,39.92,3.0,Mumbai_C5,2026-02-17,2026-05-19,0.8303,0,DROPPED (comp 83.0% < 85.0%)
Mumbai,39.92,3.0,Mumbai_C6,2026-05-23,2026-05-23,0.7778,0,DROPPED (len 9h < 2160h)
Mumbai,39.92,3.0,Mumbai_C7,2026-06-01,2026-06-02,1.0,0,DROPPED (len 5h < 2160h)
Mumbai,39.92,3.0,Mumbai_C8,2026-06-15,2026-07-13,0.8288,0,DROPPED (len 695h < 2160h)
Patna,65.62,3.28,Patna_C1,2021-01-01,2021-01-26,0.5342,0,DROPPED (len 599h < 2160h)
Patna,65.62,3.28,Patna_C2,2021-02-05,2021-02-26,0.2846,0,DROPPED (len 492h < 2160h)
Patna,65.62,3.28,Patna_C3,2021-03-02,2021-04-10,0.2368,0,DROPPED (len 950h < 2160h)
Patna,65.62,3.28,Patna_C4,2021-04-15,2021-04-24,0.0649,0,DROPPED (len 231h < 2160h)
Patna,65.62,3.28,Patna_C5,2021-04-28,2021-05-10,0.1014,0,DROPPED (len 296h < 2160h)
Patna,65.62,3.28,Patna_C6,2021-05-14,2021-05-20,0.0735,0,DROPPED (len 136h < 2160h)
Patna,65.62,3.28,Patna_C7,2021-05-25,2021-06-11,0.0855,0,DROPPED (len 386h < 2160h)
Patna,65.62,3.28,Patna_C8,2021-06-22,2021-06-27,0.0388,0,DROPPED (len 103h < 2160h)
Patna,65.62,3.28,Patna_C9,2021-07-01,2021-07-10,0.0645,0,DROPPED (len 217h < 2160h)
Patna,65.62,3.28,Patna_C10,2021-07-13,2021-07-25,0.1395,0,DROPPED (len 294h < 2160h)
Patna,65.62,3.28,Patna_C11,2021-08-25,2021-08-25,1.0,0,DROPPED (len 1h < 2160h)
Patna,65.62,3.28,Patna_C12,2021-09-01,2021-09-30,0.6432,0,DROPPED (len 695h < 2160h)
Patna,65.62,3.28,Patna_C13,2021-10-13,2022-01-05,0.7413,0,DROPPED (len 2014h < 2160h)
Patna,65.62,3.28,Patna_C14,2022-01-17,2022-01-17,1.0,0,DROPPED (len 1h < 2160h)
Patna,65.62,3.28,Patna_C15,2022-01-22,2022-02-06,0.2404,0,DROPPED (len 366h < 2160h)
Patna,65.62,3.28,Patna_C16,2022-03-25,2022-06-06,0.7452,0,DROPPED (len 1774h < 2160h)
Patna,65.62,3.28,Patna_C17,2022-09-23,2022-10-16,0.6934,0,DROPPED (len 574h < 2160h)
Patna,65.62,3.28,Patna_C18,2025-02-19,2025-11-30,0.8389,0,DROPPED (comp 83.9% < 85.0%)
Patna,65.62,3.28,Patna_C19,2025-12-03,2026-01-10,0.9465,0,DROPPED (len 916h < 2160h)
Patna,65.62,3.28,Patna_C20,2026-01-20,2026-07-13,0.856,161352,KEPT
Pune,57.31,3.0,Pune_C1,2021-01-12,2021-01-14,0.6136,0,DROPPED (len 44h < 2160h)
Pune,57.31,3.0,Pune_C2,2021-06-04,2021-06-16,0.0827,0,DROPPED (len 266h < 2160h)
Pune,57.31,3.0,Pune_C3,2021-06-19,2021-06-24,0.0385,0,DROPPED (len 130h < 2160h)
Pune,57.31,3.0,Pune_C4,2021-08-25,2021-08-25,1.0,0,DROPPED (len 1h < 2160h)
Pune,57.31,3.0,Pune_C5,2021-09-01,2021-09-06,0.8667,0,DROPPED (len 120h < 2160h)
Pune,57.31,3.0,Pune_C6,2021-09-22,2021-09-23,0.875,0,DROPPED (len 24h < 2160h)
Pune,57.31,3.0,Pune_C7,2021-09-28,2021-09-30,0.9623,0,DROPPED (len 53h < 2160h)
Pune,57.31,3.0,Pune_C8,2021-10-13,2021-10-31,0.8146,0,DROPPED (len 437h < 2160h)
Pune,57.31,3.0,Pune_C9,2021-11-25,2022-01-05,0.4939,0,DROPPED (len 990h < 2160h)
Pune,57.31,3.0,Pune_C10,2022-03-25,2022-04-23,0.6755,0,DROPPED (len 718h < 2160h)
Pune,57.31,3.0,Pune_C11,2022-04-28,2022-04-30,0.5139,0,DROPPED (len 72h < 2160h)
Pune,57.31,3.0,Pune_C12,2022-05-05,2022-05-09,0.2062,0,DROPPED (len 97h < 2160h)
Pune,57.31,3.0,Pune_C13,2022-05-16,2022-05-16,1.0,0,DROPPED (len 1h < 2160h)
Pune,57.31,3.0,Pune_C14,2022-05-21,2022-05-24,0.0274,0,DROPPED (len 73h < 2160h)
Pune,57.31,3.0,Pune_C15,2022-05-30,2022-05-30,1.0,0,DROPPED (len 1h < 2160h)
Pune,57.31,3.0,Pune_C16,2022-06-06,2022-06-06,1.0,0,DROPPED (len 1h < 2160h)
Pune,57.31,3.0,Pune_C17,2025-02-19,2025-03-14,0.7824,0,DROPPED (len 556h < 2160h)
Pune,57.31,3.0,Pune_C18,2025-03-17,2025-05-11,0.7603,0,DROPPED (len 1335h < 2160h)
Pune,57.31,3.0,Pune_C19,2025-10-01,2025-10-01,1.0,0,DROPPED (len 1h < 2160h)
Pune,57.31,3.0,Pune_C20,2025-10-06,2026-01-10,0.8296,0,DROPPED (comp 83.0% < 85.0%)
Pune,57.31,3.0,Pune_C21,2026-01-20,2026-04-16,0.8211,0,DROPPED (len 2057h < 2160h)
Pune,57.31,3.0,Pune_C22,2026-04-20,2026-05-26,0.9145,0,DROPPED (len 866h < 2160h)
Pune,57.31,3.0,Pune_C23,2026-06-10,2026-07-12,0.7604,0,DROPPED (len 768h < 2160h)
