,no2,pm25,temperature_2m,relative_humidity_2m,surface_pressure,precipitation,U_wind,V_wind,inv_PBLH,month_sin,month_cos,AER_AI,elevation,pop_density,ndvi,ndbi
2025-02-19 00:00:00+05:30,20.971153846153847,32.12179487179487,31.67692307692308,28.46153846153846,954.3384615384616,0.0,2.900782530217708,2.422653603789665,0.0029198937172953,0.8660254037844386,0.5000000000000001,0.0837721131416222,515.969,168.367,0.1181,0.0571
2025-02-20 00:00:00+05:30,21.765625,42.46527777777778,28.316666666666663,42.041666666666664,955.55,0.0208333333333333,-1.961478680921172,1.8877204373530991,0.0050687007191871,0.8660254037844387,0.5000000000000001,0.388649872493279,515.969,168.367,0.1181,0.0571
2025-02-21 00:00:00+05:30,21.301041666666663,32.06944444444444,27.7875,48.333333333333336,957.1,0.0,-3.941634068926834,0.9737008533162452,0.003462722648754,0.8660254037844387,0.5000000000000001,-0.2536902883822427,515.969,168.367,0.1181,0.0571
2025-02-22 00:00:00+05:30,21.16701388888889,39.45486111111111,28.104166666666668,41.083333333333336,957.3708333333334,0.0,1.032232750098161,-1.2434950252367112,0.0062705257222511,0.8660254037844387,0.5000000000000001,-0.1388570297683632,515.969,168.367,0.1181,0.0571
2025-02-23 00:00:00+05:30,22.02541666666667,61.24305555555555,27.870833333333337,35.916666666666664,957.8583333333332,0.0,-5.196415994141195,-2.6347493709871603,0.0072339446689621,0.8660254037844387,0.5000000000000001,-1.0125269192625734,515.969,168.367,0.1181,0.0571
2025-02-24 00:00:00+05:30,20.896527777777777,24.555555555555557,27.7125,28.583333333333332,958.0375,0.0,-8.607329117680157,-0.3760885874191701,0.0032973962930471,0.8660254037844387,0.5000000000000001,0.0557797666623144,515.969,168.367,0.1181,0.0571
2025-02-25 00:00:00+05:30,21.04340277777778,26.493055555555557,26.541666666666668,43.416666666666664,959.15,0.0,-7.881118251498393,1.8357037536925265,0.002765382434547,0.8660254037844387,0.5000000000000001,0.6797121417162562,515.969,168.367,0.1181,0.0571
2025-02-26 00:00:00+05:30,21.828819444444445,35.18402777777778,26.895833333333332,43.791666666666664,959.2291666666666,0.0,-7.0750697582371584,0.2629810955515015,0.0034358744173339,0.8660254037844387,0.5000000000000001,-0.3007107137811695,515.969,168.367,0.1181,0.0571
2025-02-27 00:00:00+05:30,21.382291666666664,34.552083333333336,26.995833333333337,43.791666666666664,957.675,0.0,-6.182006496869518,0.957275461020397,0.0034693319403772,0.8660254037844387,0.5000000000000001,0.0354770395180102,515.969,168.367,0.1181,0.0571
2025-02-28 00:00:00+05:30,21.692708333333332,39.177083333333336,27.21666666666667,48.166666666666664,956.6083333333332,0.0,-6.537354745778292,2.506427189169696,0.0041966624334832,0.8660254037844387,0.5000000000000001,-0.5032371187831975,515.969,168.367,0.1181,0.0571
2025-03-01 00:00:00+05:30,21.002777777777776,30.90625,27.258333333333336,43.625,955.7875,0.0,-7.231913363987307,4.242413969158144,0.002547698259358,1.0,6.123233995736766e-17,-0.3301998683597661,515.969,168.367,0.1181,0.0571
2025-03-02 00:00:00+05:30,21.242361111111112,21.23611111111111,28.508333333333336,36.541666666666664,954.075,0.0,-5.579786178959073,2.551217778736547,0.0056705562911988,1.0,6.123233995736766e-17,-0.1127392906019666,515.969,168.367,0.1181,0.0571
2025-03-03 00:00:00+05:30,21.86319444444445,32.31944444444444,29.941666666666663,28.666666666666668,954.2541666666666,0.0,1.0732410393694445,-1.6364293540794372,0.0087669473868019,1.0,6.123233995736766e-17,0.4743062465035743,515.969,168.367,0.1181,0.0571
2025-03-04 00:00:00+05:30,21.32986111111111,52.979166666666664,29.887500000000003,31.875,954.4208333333332,0.0,-2.212360162851252,-2.321771616616916,0.0139760551962679,1.0,6.123233995736766e-17,0.4115244477778494,515.969,168.367,0.1181,0.0571
2025-03-05 00:00:00+05:30,21.50128205128205,53.25641025641026,28.725,30.625,954.9041666666668,0.0,-1.622828869448201,-5.7353720271435735,0.0149874096184579,1.0,6.123233995736766e-17,0.5222636885042529,515.969,168.367,0.1181,0.0571
2025-03-06 00:00:00+05:30,21.11794871794872,32.52564102564102,26.941666666666663,22.75,955.8125,0.0,-0.70549298999871,-6.269761101758778,0.008485879330253,1.0,6.123233995736766e-17,0.343063025876023,515.969,168.367,0.1181,0.0571
2025-03-07 00:00:00+05:30,21.651041666666668,66.1875,27.191666666666663,26.791666666666668,953.8958333333334,0.0,-3.549356998045695,-2.718820657302248,0.0210888919888332,1.0,6.123233995736766e-17,0.2849141584583538,515.969,168.367,0.1181,0.0571
2025-03-08 00:00:00+05:30,20.74548611111111,76.76041666666667,28.3375,28.0,952.2833333333332,0.0,-0.6359153840076797,-0.2543465134081919,0.0229078979895219,1.0,6.123233995736766e-17,0.942536721590654,515.969,168.367,0.1181,0.0571
2025-03-09 00:00:00+05:30,21.55625,42.34375,28.775,33.625,953.6708333333332,0.0,-6.819761666082983,2.908150140187365,0.0046841313675308,1.0,6.123233995736766e-17,0.6373395166035483,515.969,168.367,0.1181,0.0571
2025-03-10 00:00:00+05:30,21.500694444444445,26.993055555555557,27.125,52.666666666666664,956.5708333333332,0.0,-8.639744262356514,2.418402884914722,0.0022805133607007,1.0,6.123233995736766e-17,0.1461553996601053,515.969,168.367,0.1181,0.0571
2025-03-11 00:00:00+05:30,21.538888888888888,37.12152777777778,28.083333333333332,45.5,956.7833333333332,0.0,-6.9473016221352,1.4110828720856547,0.0063892032827397,1.0,6.123233995736766e-17,-0.2767695519020952,515.969,168.367,0.1181,0.0571
2025-03-12 00:00:00+05:30,20.575694444444444,37.55902777777778,29.225,38.041666666666664,954.5958333333332,0.0,-2.606854253565088,3.3639758978375185,0.0074391899778434,1.0,6.123233995736766e-17,-0.0229361885933539,515.969,168.367,0.1181,0.0571
2025-03-13 00:00:00+05:30,21.36423611111111,35.70138888888889,30.6125,32.541666666666664,953.5625,0.0,1.566903106404972,4.992321235777916,0.0035964671603623,1.0,6.123233995736766e-17,0.535441853685341,515.969,168.367,0.1181,0.0571
2025-03-14 00:00:00+05:30,20.634375,33.875,31.6375,29.5,953.7916666666666,0.0,-0.1089127323462034,3.386734261563694,0.003493975052848,1.0,6.123233995736766e-17,0.3564387500674272,515.969,168.367,0.1181,0.0571
2025-03-15 00:00:00+05:30,21.221527777777776,29.208333333333332,31.3875,26.791666666666668,954.6125,0.0,-4.938277690531778,5.437185065969707,0.0033017564533786,1.0,6.123233995736766e-17,0.255694010009969,515.969,168.367,0.1181,0.0571
2025-03-16 00:00:00+05:30,20.685416666666665,26.225694444444443,31.47083333333333,21.541666666666668,954.6416666666668,0.0,-4.090988059429913,8.746225310629578,0.0028937003742164,1.0,6.123233995736766e-17,0.0284550267641665,515.969,168.367,0.1181,0.0571
2025-03-17 00:00:00+05:30,20.97986111111111,23.055555555555557,31.179166666666664,25.5,954.0833333333334,0.0,0.3187815409838111,3.625753632940537,0.0036623761820086,1.0,6.123233995736766e-17,-0.1254718085621605,515.969,168.367,0.1181,0.0571
2025-03-18 00:00:00+05:30,21.57326388888889,31.229166666666668,31.391666666666666,28.041666666666668,954.05,0.0,-5.516482612876888,4.526611877568568,0.0058993390902461,1.0,6.123233995736766e-17,0.1576919491087764,515.969,168.367,0.1181,0.0571
2025-03-19 00:00:00+05:30,20.472916666666663,17.836805555555554,30.233333333333334,32.541666666666664,955.5166666666668,0.0,-6.090195571801135,7.799723361907265,0.0022532972284814,1.0,6.123233995736766e-17,0.5252771297219314,515.969,168.367,0.1181,0.0571
2025-03-20 00:00:00+05:30,20.647222222222226,12.423611111111112,28.758333333333336,51.5,956.6125,0.0,-5.191264661632039,6.670302279004229,0.0020167376362107,1.0,6.123233995736766e-17,0.5570838945608853,515.969,168.367,0.1181,0.0571
2025-03-21 00:00:00+05:30,20.71493055555556,16.649305555555554,28.991666666666664,49.166666666666664,956.3458333333332,0.0,-0.8369826664095004,4.919020609117024,0.0029942878611265,1.0,6.123233995736766e-17,-0.5842927723940113,515.969,168.367,0.1181,0.0571
2025-03-22 00:00:00+05:30,21.013194444444444,16.211805555555554,27.179166666666664,60.541666666666664,955.8208333333332,0.0208333333333333,-6.280769751300412,3.932406364946745,0.0024486474328819,1.0,6.123233995736766e-17,-1.2067539712163995,515.969,168.367,0.1181,0.0571
2025-03-23 00:00:00+05:30,21.069444444444446,19.305555555555554,27.645833333333332,62.791666666666664,956.2541666666666,0.0041666666666666,-3.1444265758810044,2.511109121690288,0.0039537595551866,1.0,6.123233995736766e-17,-0.6449678664860832,515.969,168.367,0.1181,0.0571
2025-03-24 00:00:00+05:30,20.352083333333333,21.739583333333332,28.258333333333336,56.208333333333336,955.9625,0.0,-4.885320947305156,0.1557504562124513,0.0051495305372496,1.0,6.123233995736766e-17,0.5141074304745242,515.969,168.367,0.1181,0.0571
2025-03-25 00:00:00+05:30,20.63715277777778,31.0,29.22083333333333,43.666666666666664,953.3708333333334,0.0,-3.596837948701213,-0.0998332466782026,0.0077826370165861,1.0,6.123233995736766e-17,-0.2068779246543378,515.969,168.367,0.1181,0.0571
2025-03-26 00:00:00+05:30,20.108333333333334,31.697916666666668,30.012500000000003,35.5,952.0041666666666,0.0,-2.3498775142050845,2.2345119396458957,0.0043214699615319,1.0,6.123233995736766e-17,-0.3764763866078,515.969,168.367,0.1181,0.0571
2025-03-27 00:00:00+05:30,21.703819444444445,38.67013888888889,30.866666666666664,32.875,951.7083333333334,0.0,1.0346964354042172,0.8787769754540778,0.0041662500055386,1.0,6.123233995736766e-17,-0.3148792725027332,515.969,168.367,0.1181,0.0571
2025-03-28 00:00:00+05:30,20.23923611111111,41.26388888888889,31.795833333333334,30.625,951.325,0.0,0.3869982542105556,1.1858198884883382,0.0052986794675341,1.0,6.123233995736766e-17,0.0815181083611103,515.969,168.367,0.1181,0.0571
2025-03-29 00:00:00+05:30,21.033333333333335,45.49652777777778,31.925,31.166666666666668,951.4375,0.0,1.3358197167616337,1.5098130108954082,0.0050265319590076,1.0,6.123233995736766e-17,0.7463197415252482,515.969,168.367,0.1181,0.0571
2025-03-30 00:00:00+05:30,21.258333333333333,41.82986111111111,32.050000000000004,29.0,952.5666666666666,0.0,-3.843052142406172,2.9560182417346668,0.0034003592543513,1.0,6.123233995736766e-17,0.5536277890865408,515.969,168.367,0.1181,0.0571
2025-03-31 00:00:00+05:30,20.397916666666667,34.40625,31.266666666666666,27.958333333333332,952.8333333333334,0.0,-2.8833381068813533,4.580406212000398,0.003531378780352,1.0,6.123233995736766e-17,0.174420267839455,515.969,168.367,0.1181,0.0571
2025-04-01 00:00:00+05:30,21.266666666666666,27.944444444444443,29.425,47.083333333333336,952.3,0.0,-6.977277997666682,2.4607218531261426,0.0023923323253826,0.8660254037844387,-0.4999999999999998,0.235864788429713,515.969,168.367,0.1181,0.0571
2025-04-02 00:00:00+05:30,20.55034722222222,15.72222222222222,28.120833333333337,54.708333333333336,953.4083333333332,0.0,-7.060816097830517,3.5867521696783258,0.0019790570411863,0.8660254037844387,-0.4999999999999998,-1.0861302502930843,515.969,168.367,0.1181,0.0571
2025-04-03 00:00:00+05:30,21.173958333333335,21.118055555555554,25.7875,71.5,954.9875,0.3916666666666666,-2.668734238708023,3.5702277686667636,0.003855084962332,0.8660254037844387,-0.4999999999999998,-1.018194987868586,515.969,168.367,0.1181,0.0571
2025-04-04 00:00:00+05:30,20.33194444444444,16.885416666666668,25.741666666666664,74.125,954.9625,0.125,-2.1153171052052415,0.4491524087359915,0.005121856874023,0.8660254037844387,-0.4999999999999998,0.050212333356402,515.969,168.367,0.1181,0.0571
2025-04-05 00:00:00+05:30,20.65017361111111,26.06423611111111,27.75,62.625,953.8083333333334,0.0,-2.486853891166994,0.9064254583662716,0.0079205771074079,0.8660254037844387,-0.4999999999999998,-0.2550205507138998,515.969,168.367,0.1181,0.0571
2025-04-06 00:00:00+05:30,21.22951388888889,27.697916666666668,28.6375,54.166666666666664,952.6125,0.0,0.8938306701239694,1.305848328458202,0.0104278786193828,0.8660254037844387,-0.4999999999999998,-0.6452285748968767,515.969,168.367,0.1181,0.0571
2025-04-07 00:00:00+05:30,21.4875,33.40277777777778,29.8625,40.916666666666664,952.8666666666668,0.0,-1.3245475527529582,1.0554034176146596,0.0057208352996399,0.8660254037844387,-0.4999999999999998,-0.0590519536912399,515.969,168.367,0.1181,0.0571
2025-04-08 00:00:00+05:30,22.026190476190475,19.732142857142858,29.7125,47.375,954.2833333333332,0.0041666666666666,-4.622430149219302,2.6293841969308116,0.0030127757149076,0.8660254037844387,-0.4999999999999998,0.3499707956488054,515.969,168.367,0.1181,0.0571
2025-04-09 00:00:00+05:30,21.15416666666667,10.916666666666666,30.3,46.916666666666664,953.1958333333332,0.0,-3.5493259415768357,1.1093767215214354,0.0019614940075249,0.8660254037844387,-0.4999999999999998,0.804412286266424,515.969,168.367,0.1181,0.0571
2025-04-11 00:00:00+05:30,22.958333333333332,54.0625,31.0,35.333333333333336,949.6333333333332,0.0,4.603767080708844,-0.7746535695567708,0.0070073012611443,0.8660254037844387,-0.4999999999999998,0.9790417280815304,515.969,168.367,0.1181,0.0571
2025-04-12 00:00:00+05:30,20.837847222222223,33.69318181818182,31.7125,27.166666666666668,951.2541666666666,0.0,5.318492358310687,-3.255300604638174,0.0066683913435141,0.8660254037844387,-0.4999999999999998,0.1988520442674761,515.969,168.367,0.1181,0.0571
2025-04-14 00:00:00+05:30,21.214285714285715,19.75,31.229166666666668,34.25,952.1958333333332,0.0,2.4124535776171125,0.3082910660399582,0.0049916583980827,0.8660254037844387,-0.4999999999999998,1.4425788128475625,515.969,168.367,0.1181,0.0571
2025-04-15 00:00:00+05:30,21.1625,22.515625,31.233333333333334,35.333333333333336,952.1958333333332,0.0,2.6662084749089305,5.2829470896807225,0.0031952313311329,0.8660254037844387,-0.4999999999999998,0.2105045848635507,515.969,168.367,0.1181,0.0571
2025-04-16 00:00:00+05:30,20.596666666666668,26.522222222222226,30.504166666666663,51.041666666666664,952.1458333333334,0.0,1.1057264741292572,6.9977061050132585,0.0020462737857814,0.8660254037844387,-0.4999999999999998,0.2130725174877997,515.969,168.367,0.1181,0.0571
2025-04-17 00:00:00+05:30,21.514930555555555,23.677083333333332,30.1125,53.625,951.3083333333334,0.0125,1.518746976446362,5.691368994116012,0.0035446871692703,0.8660254037844387,-0.4999999999999998,-0.1547386519767877,515.969,168.367,0.1181,0.0571
2025-04-18 00:00:00+05:30,21.88576388888889,29.559027777777775,31.375,44.458333333333336,950.775,0.0,2.116135171230456,5.346500172057662,0.0051584950272043,0.8660254037844387,-0.4999999999999998,-0.4372226923405217,515.969,168.367,0.1181,0.0571
2025-04-19 00:00:00+05:30,21.160416666666663,26.9375,30.770833333333332,49.583333333333336,950.8041666666668,0.0708333333333333,3.3251464275041074,3.43480226251053,0.0038166622448679,0.8660254037844387,-0.4999999999999998,-0.319322081875497,515.969,168.367,0.1181,0.0571
2025-04-20 00:00:00+05:30,21.036805555555556,35.958333333333336,32.78333333333333,39.208333333333336,951.0541666666668,0.0,2.4452142332739335,3.55148077420272,0.0030716250635499,0.8660254037844387,-0.4999999999999998,0.9118010398242724,515.969,168.367,0.1181,0.0571
2025-04-21 00:00:00+05:30,21.471527777777776,28.503472222222225,32.44583333333333,42.5,953.125,0.0041666666666666,2.1121066896038605,4.146380758129646,0.0019844355106876,0.8660254037844387,-0.4999999999999998,0.2060477792723533,515.969,168.367,0.1181,0.0571
2025-04-22 00:00:00+05:30,20.69861111111111,32.479166666666664,33.28333333333333,38.25,953.8291666666668,0.0041666666666666,0.6453473228586478,3.9919545600751554,0.0034613943219666,0.8660254037844387,-0.4999999999999998,-0.305116357964985,515.969,168.367,0.1181,0.0571
2025-04-23 00:00:00+05:30,21.243055555555557,31.5625,33.17916666666667,37.0,952.2291666666666,0.0,0.7256347939704136,6.072073957319298,0.0029173330175055,0.8660254037844387,-0.4999999999999998,-0.2043744342436854,515.969,168.367,0.1181,0.0571
2025-04-24 00:00:00+05:30,20.781944444444445,27.743055555555557,33.6375,32.458333333333336,951.3,0.0,2.5784210242507988,6.073031450061689,0.0024871442596681,0.8660254037844387,-0.4999999999999998,-0.1143208795657573,515.969,168.367,0.1181,0.0571
2025-04-25 00:00:00+05:30,21.08125,27.1875,33.458333333333336,34.583333333333336,951.7458333333334,0.0,2.9124517905122143,3.997856230484135,0.0025441363480099,0.8660254037844387,-0.4999999999999998,0.5748142605324013,515.969,168.367,0.1181,0.0571
2025-04-26 00:00:00+05:30,21.284375,28.46875,32.4125,41.75,951.6541666666668,0.0,0.4939229176931712,4.517777957941795,0.0033232921161336,0.8660254037844387,-0.4999999999999998,0.213129919285086,515.969,168.367,0.1181,0.0571
2025-04-27 00:00:00+05:30,20.577430555555555,19.333333333333332,29.1625,61.708333333333336,952.925,0.3416666666666666,-3.38363933491974,2.130711769973769,0.0027112102600277,0.8660254037844387,-0.4999999999999998,-0.1123920434889237,515.969,168.367,0.1181,0.0571
2025-04-28 00:00:00+05:30,21.462847222222223,22.677083333333332,30.775,47.458333333333336,951.4333333333334,0.0,-1.1032447549488846,4.028245653685783,0.0029971634255194,0.8660254037844387,-0.4999999999999998,-0.2080258384548388,515.969,168.367,0.1181,0.0571
2025-04-29 00:00:00+05:30,21.22274305555555,17.680555555555554,31.245833333333337,44.541666666666664,950.7208333333332,0.0,-0.0133867342444568,6.191994205913943,0.0030771289984491,0.8660254037844387,-0.4999999999999998,-0.0503397203415006,515.969,168.367,0.1181,0.0571
2025-04-30 00:00:00+05:30,21.059722222222224,22.46875,32.275,41.208333333333336,950.7791666666668,0.0,-0.4034674996379778,2.9726989768388528,0.002311726381573,0.8660254037844387,-0.4999999999999998,0.8233611290564868,515.969,168.367,0.1181,0.0571
2025-05-01 00:00:00+05:30,21.76354166666667,19.53125,31.683333333333337,49.833333333333336,951.7375,0.0,-3.4683281004723328,4.273883282525378,0.0018871506007773,0.4999999999999998,-0.8660254037844387,0.6821972874149815,515.969,168.367,0.1181,0.0571
2025-05-02 00:00:00+05:30,21.50243055555556,20.180555555555554,32.22083333333333,45.125,951.8416666666668,0.0,-2.2177595075076115,1.4454805966258129,0.0022117472884318,0.4999999999999998,-0.8660254037844387,0.651845244725254,515.969,168.367,0.1181,0.0571
2025-05-03 00:00:00+05:30,21.35555555555555,18.211805555555554,32.34583333333333,40.75,950.9125,0.0,4.069636431240425,4.204792310165455,0.001965401122743,0.4999999999999998,-0.8660254037844387,0.2849750378242165,515.969,168.367,0.1181,0.0571
2025-05-04 00:00:00+05:30,21.014583333333334,24.465277777777775,31.46666666666667,38.75,950.3208333333332,0.0,-1.000671502799986,1.489785860521822,0.003885228550417,0.4999999999999998,-0.8660254037844387,-0.3183651659086985,515.969,168.367,0.1181,0.0571
2025-05-05 00:00:00+05:30,20.95,22.100694444444443,31.425,42.583333333333336,950.3041666666668,0.0,4.174521856517493,0.7234859201268361,0.003510163992713,0.4999999999999998,-0.8660254037844387,0.4979451424970895,515.969,168.367,0.1181,0.0571
2025-05-06 00:00:00+05:30,21.197916666666668,18.02951388888889,31.370833333333337,39.083333333333336,951.4125,0.0,-0.0128367583082235,0.0040377019295263,0.0027070937830559,0.4999999999999998,-0.8660254037844387,0.2361035553678965,515.969,168.367,0.1181,0.0571
2025-05-07 00:00:00+05:30,20.834027777777777,16.947916666666668,31.225,37.583333333333336,950.7375,0.0333333333333333,2.796473422920555,3.29423437211808,0.0029865107121783,0.4999999999999998,-0.8660254037844387,0.7152817994455389,515.969,168.367,0.1181,0.0571
2025-05-08 00:00:00+05:30,20.87465277777778,17.67361111111111,31.045833333333334,36.208333333333336,950.9833333333332,0.0,1.0286444241034494,0.91338655451965,0.0021087008965482,0.4999999999999998,-0.8660254037844387,-0.944246375885891,515.969,168.367,0.1181,0.0571
2025-05-09 00:00:00+05:30,21.15173611111111,20.70138888888889,30.920833333333334,40.375,951.875,0.0,3.1552415068390083,2.3332087967718635,0.0024187243269407,0.4999999999999998,-0.8660254037844387,-0.4112326595080699,515.969,168.367,0.1181,0.0571
2025-05-10 00:00:00+05:30,21.429513888888888,22.256944444444443,31.766666666666666,38.791666666666664,951.8208333333332,0.0,0.9141862403158876,1.8237070748135868,0.0021007296881655,0.4999999999999998,-0.8660254037844387,-0.6163148951145213,515.969,168.367,0.1181,0.0571
2025-05-11 00:00:00+05:30,21.235763888888886,23.95486111111111,32.208333333333336,41.416666666666664,950.7375,0.0083333333333333,4.014087115653079,2.5123369054200957,0.0026529134911806,0.4999999999999998,-0.8660254037844387,-0.1877444274228389,515.969,168.367,0.1181,0.0571
2025-05-12 00:00:00+05:30,21.626388888888886,26.211805555555557,32.166666666666664,43.208333333333336,949.8666666666668,0.0,3.391489008286707,-5.462777330002745,0.0019019503844617,0.4999999999999998,-0.8660254037844387,-0.3577102624757515,515.969,168.367,0.1181,0.0571
2025-05-13 00:00:00+05:30,21.03298611111111,25.847222222222225,31.25,49.083333333333336,949.9291666666668,0.0,5.032019110670071,-0.8088845142262779,0.0035694277749863,0.4999999999999998,-0.8660254037844387,-0.5182983209803659,515.969,168.367,0.1181,0.0571
2025-05-14 00:00:00+05:30,21.22326388888889,20.69097222222222,30.895833333333332,51.125,950.675,0.0083333333333333,3.5551903660438597,-1.6414042510083278,0.0024920871957903,0.4999999999999998,-0.8660254037844387,-0.9813220105007744,515.969,168.367,0.1181,0.0571
2025-05-15 00:00:00+05:30,21.013541666666665,16.59722222222222,29.28333333333333,60.916666666666664,950.975,0.4791666666666667,2.0565302481916836,-1.385566921860259,0.0061400106549141,0.4999999999999998,-0.8660254037844387,-0.6682883178262954,515.969,168.367,0.1181,0.0571
2025-05-16 00:00:00+05:30,20.790972222222223,20.944444444444446,29.916666666666668,56.666666666666664,950.4208333333332,0.0125,2.7529821831682213,-0.0342321630371513,0.0033208068319149,0.4999999999999998,-0.8660254037844387,0.3953792818023985,515.969,168.367,0.1181,0.0571
2025-05-17 00:00:00+05:30,21.37777777777778,20.67013888888889,30.21666666666667,56.958333333333336,949.8916666666668,0.0249999999999999,1.5716478569904675,-3.2677398697960256,0.004745341134974,0.4999999999999998,-0.8660254037844387,-0.2506977863183434,515.969,168.367,0.1181,0.0571
2025-05-18 00:00:00+05:30,21.274131944444445,49.932291666666664,29.575,61.541666666666664,949.2666666666668,0.0625,1.6107092721192604,-0.2946884180373385,0.0040784826142085,0.4999999999999998,-0.8660254037844387,-0.81630682301579,515.969,168.367,0.1181,0.0571
2025-05-19 00:00:00+05:30,21.0890625,19.368055555555554,28.870833333333337,68.04166666666667,948.5833333333334,0.3666666666666667,-4.225247355991436,0.4485657114701822,0.0031973686812182,0.4999999999999998,-0.8660254037844387,-1.4125049099366775,515.969,168.367,0.1181,0.0571
2025-05-20 00:00:00+05:30,21.326215277777777,51.045138888888886,29.941666666666663,64.79166666666667,947.6916666666666,0.0791666666666666,-3.820331373564889,3.0602917095225286,0.0023054768374982,0.4999999999999998,-0.8660254037844387,-1.4736705148136948,515.969,168.367,0.1181,0.0571
2025-05-21 00:00:00+05:30,21.015451388888888,10.597222222222223,26.379166666666663,82.0,948.3125,1.0208333333333333,0.0604628887059199,2.2237312186805576,0.0031419497697157,0.4999999999999998,-0.8660254037844387,-1.1793021022863484,515.969,168.367,0.1181,0.0571
2025-05-22 00:00:00+05:30,21.046180555555555,31.020833333333332,26.525,77.70833333333333,947.9791666666666,0.2249999999999999,8.042702048163779,3.102342089298729,0.0017552983221,0.4999999999999998,-0.8660254037844387,-0.0582276583871061,515.969,168.367,0.1181,0.0571
2025-05-23 00:00:00+05:30,20.909027777777776,51.302083333333336,27.45,69.125,945.9833333333332,0.0416666666666666,7.677524096415389,5.118790931691735,0.0029361300100762,0.4999999999999998,-0.8660254037844387,-0.5011552745470046,515.969,168.367,0.1181,0.0571
2025-05-24 00:00:00+05:30,21.224652777777777,7.486111111111111,26.8625,73.625,945.025,0.0666666666666666,2.352192733437383,7.628457945901977,0.0017357143905921,0.4999999999999998,-0.8660254037844387,-1.1274802524918803,515.969,168.367,0.1181,0.0571
2025-05-25 00:00:00+05:30,20.988425925925927,10.10648148148148,26.4875,77.25,945.3458333333332,0.1083333333333333,4.296715149563963,8.069498565179968,0.0015386468947554,0.4999999999999998,-0.8660254037844387,-1.1958654045428905,515.969,168.367,0.1181,0.0571
2025-05-26 00:00:00+05:30,21.3625,14.083333333333334,25.741666666666664,80.95833333333333,944.5083333333332,0.0833333333333333,4.420522503119195,3.92786077345016,0.0019044573342611,0.4999999999999998,-0.8660254037844387,-1.1885443813456398,515.969,168.367,0.1181,0.0571
2025-05-27 00:00:00+05:30,21.49965277777778,48.56944444444445,25.945833333333336,80.79166666666667,944.2625,0.0625,9.751301502387625,-0.6330695301663725,0.0019985972770345,0.4999999999999998,-0.8660254037844387,-0.1309229895177366,515.969,168.367,0.1181,0.0571
2025-05-28 00:00:00+05:30,20.857777777777777,11.733333333333333,25.3125,84.0,944.2,0.1458333333333333,11.283660495526528,-2.3884362322441226,0.001995811204094,0.4999999999999998,-0.8660254037844387,-0.4720011773755828,515.969,168.367,0.1181,0.0571
2025-05-29 00:00:00+05:30,21.055208333333333,76.20486111111111,26.125,81.75,943.7625,0.1875,9.831916287865662,0.241830894642943,0.0021800318485823,0.4999999999999998,-0.8660254037844387,0.0102252625740021,515.969,168.367,0.1181,0.0571
2025-05-30 00:00:00+05:30,21.427777777777777,47.68472222222223,27.7375,70.83333333333333,944.7666666666668,0.075,11.736228296158323,-1.749157755113658,0.0019353231314805,0.4999999999999998,-0.8660254037844387,-0.5683850331793783,515.969,168.367,0.1181,0.0571
2025-05-31 00:00:00+05:30,21.14236111111111,49.08680555555557,28.583333333333332,59.125,947.9875,0.0,12.595889121414665,-2.027439801208289,0.0019134946135729,0.4999999999999998,-0.8660254037844387,0.1227229191011566,515.969,168.367,0.1181,0.0571
2025-06-01 00:00:00+05:30,21.041493055555556,56.501736111111114,28.004166666666663,61.833333333333336,949.6125,0.0083333333333333,13.086616183636975,-0.4881893659560927,0.0020673142913652,1.2246467991473532e-16,-1.0,0.7086797835956629,515.969,168.367,0.1181,0.0571
2025-06-02 00:00:00+05:30,21.41111111111111,10.427083333333334,27.3125,66.08333333333333,949.15,0.0458333333333333,12.308512239571856,3.2157934538474486,0.0016211383639216,1.2246467991473532e-16,-1.0,0.64152492119986,515.969,168.367,0.1181,0.0571
2025-06-03 00:00:00+05:30,20.853787878787877,120.8181818181818,27.7,64.54166666666667,949.3583333333332,0.0083333333333333,9.78087182573326,2.1011379814905293,0.0022656707821636,1.2246467991473532e-16,-1.0,0.0104593763291285,515.969,168.367,0.1181,0.0571
2025-06-04 00:00:00+05:30,21.630555555555556,69.35648148148148,28.358333333333334,59.208333333333336,950.3208333333332,0.0041666666666666,10.285265634153768,0.7240411869946847,0.0019077994060381,1.2246467991473532e-16,-1.0,0.2087090716917716,515.969,168.367,0.1181,0.0571
2025-06-05 00:00:00+05:30,20.96923076923077,21.770833333333332,27.991666666666664,62.208333333333336,951.3583333333332,0.0291666666666666,5.657989871050973,0.7054504288439832,0.0027689623905476,1.2246467991473532e-16,-1.0,-1.0489707318009056,515.969,168.367,0.1181,0.0571
2025-06-06 00:00:00+05:30,21.10798611111111,18.395833333333332,28.991666666666664,61.041666666666664,951.7333333333332,0.0083333333333333,5.073199388797331,-1.57744674748966,0.0067314968887,1.2246467991473532e-16,-1.0,-0.1320088857133237,515.969,168.367,0.1181,0.0571
2025-06-07 00:00:00+05:30,20.85625,20.57986111111111,29.71666666666667,55.708333333333336,951.35,0.0,7.779392908767945,-2.004145081572284,0.0037579407728128,1.2246467991473532e-16,-1.0,-0.2538483802646579,515.969,168.367,0.1181,0.0571
2025-06-08 00:00:00+05:30,21.378703703703703,13.953703703703702,29.375,59.75,950.3958333333334,0.0249999999999999,7.760340340631984,-3.1114552536751847,0.0021832305282268,1.2246467991473532e-16,-1.0,0.0272826035846048,515.969,168.367,0.1181,0.0571
2025-06-09 00:00:00+05:30,21.514583333333334,15.0,26.108333333333334,77.20833333333333,948.9125,0.2583333333333333,9.530526365631962,-1.6124874647157064,0.0023198811503257,1.2246467991473532e-16,-1.0,-1.0381583849006997,515.969,168.367,0.1181,0.0571
2025-06-10 00:00:00+05:30,21.62951388888889,41.114583333333336,27.395833333333332,69.83333333333333,946.2041666666668,0.0666666666666666,9.543666986079833,-5.830199454531134,0.0023568209684436,1.2246467991473532e-16,-1.0,-0.7608304859776887,515.969,168.367,0.1181,0.0571
2025-06-11 00:00:00+05:30,21.322569444444444,20.206140350877195,26.641666666666666,74.79166666666667,945.3625,0.1083333333333333,7.061902220791169,-6.001759642593588,0.0043211600648346,1.2246467991473532e-16,-1.0,-1.733164285024246,515.969,168.367,0.1181,0.0571
2025-06-12 00:00:00+05:30,21.114930555555556,68.67013888888889,26.53333333333333,80.29166666666667,945.0458333333332,0.4166666666666667,1.3856738607130754,-1.763166299350004,0.0074792140349432,1.2246467991473532e-16,-1.0,-0.498617638156711,515.969,168.367,0.1181,0.0571
2025-06-13 00:00:00+05:30,21.677083333333332,112.43055555555556,27.604166666666668,76.95833333333333,945.5791666666668,0.0375,-3.8640070321121622,1.4296676843079863,0.0046232231412693,1.2246467991473532e-16,-1.0,-0.5838823388600782,515.969,168.367,0.1181,0.0571
2025-06-14 00:00:00+05:30,21.511458333333337,15.739583333333334,27.670833333333334,73.95833333333333,945.6416666666668,0.0666666666666666,3.7809732454605007,6.567893183343121,0.0032018799956998,1.2246467991473532e-16,-1.0,-0.8331914937145962,515.969,168.367,0.1181,0.0571
2025-06-15 00:00:00+05:30,21.289236111111112,79.125,26.545833333333334,76.95833333333333,944.725,0.225,9.365451737604475,7.969004669292225,0.0013379850225015,1.2246467991473532e-16,-1.0,-0.5856248358426442,515.969,168.367,0.1181,0.0571
2025-06-16 00:00:00+05:30,21.07673611111111,14.173076923076923,26.391666666666666,75.0,944.7875,0.0666666666666666,15.574295608285167,7.575194644137784,0.0009747233690042,1.2246467991473532e-16,-1.0,-1.3634149581885904,515.969,168.367,0.1181,0.0571
2025-06-17 00:00:00+05:30,21.9625,18.77777777777778,27.575,65.70833333333333,947.3166666666666,0.0041666666666666,14.694918701572364,4.275106272412768,0.0010098304583612,1.2246467991473532e-16,-1.0,-0.0777564867531923,515.969,168.367,0.1181,0.0571
2025-06-18 00:00:00+05:30,21.29305555555556,14.501736111111112,27.52916666666667,65.70833333333333,947.7166666666668,0.0083333333333333,14.80000412637147,4.710513734529349,0.0010768085981009,1.2246467991473532e-16,-1.0,-0.0641233096487831,515.969,168.367,0.1181,0.0571
2025-06-19 00:00:00+05:30,21.101388888888888,13.947916666666666,27.266666666666666,68.29166666666667,947.625,0.0958333333333333,17.729001645164868,4.62581617407863,0.0008982944190597,1.2246467991473532e-16,-1.0,-0.7195313038956617,515.969,168.367,0.1181,0.0571
2025-06-20 00:00:00+05:30,21.15729166666667,15.947916666666666,27.504166666666663,66.70833333333333,948.8458333333332,0.0083333333333333,15.769888176997654,2.3986979060683,0.0010352552943012,1.2246467991473532e-16,-1.0,-0.4300518641660998,515.969,168.367,0.1181,0.0571
2025-06-21 00:00:00+05:30,21.399122807017545,15.706140350877194,28.133333333333336,63.583333333333336,948.95,0.0125,15.563961764854747,0.2243859272938368,0.0010109762427596,1.2246467991473532e-16,-1.0,-0.4300967352478725,515.969,168.367,0.1181,0.0571
2025-06-22 00:00:00+05:30,21.08628472222222,14.928819444444445,28.15,60.916666666666664,948.3708333333334,0.0416666666666666,15.498764644012274,-0.2367696211780246,0.0010029369225416,1.2246467991473532e-16,-1.0,-0.3013850747465729,515.969,168.367,0.1181,0.0571
2025-06-23 00:00:00+05:30,21.007986111111112,15.364583333333334,26.71666666666667,67.45833333333333,946.9583333333334,0.0208333333333333,18.10864955116865,2.843923566345667,0.0008809816152325,1.2246467991473532e-16,-1.0,0.0048101113619063,515.969,168.367,0.1181,0.0571
2025-06-24 00:00:00+05:30,21.447222222222223,14.850694444444445,25.745833333333337,73.875,945.6375,0.5166666666666667,18.385512814777982,3.0386584917327646,0.0009622458889844,1.2246467991473532e-16,-1.0,-0.71657889093181,515.969,168.367,0.1181,0.0571
2025-06-25 00:00:00+05:30,21.35238095238095,17.525641025641026,25.945833333333336,73.54166666666667,945.9625,0.3,14.684704157799944,1.8063466590163215,0.0010329108188534,1.2246467991473532e-16,-1.0,-0.5407617693191288,515.969,168.367,0.1181,0.0571
2025-06-26 00:00:00+05:30,21.29513888888889,19.520833333333332,26.1875,74.25,946.4458333333332,0.4083333333333334,14.423804988177514,2.072951328527503,0.0010521987709509,1.2246467991473532e-16,-1.0,-1.0446402631441671,515.969,168.367,0.1181,0.0571
2025-06-27 00:00:00+05:30,21.750396825396827,19.15873015873016,26.695833333333336,69.41666666666667,947.8208333333332,0.0666666666666666,13.792414963609636,4.81791792467261,0.0010242214562358,1.2246467991473532e-16,-1.0,0.1122656528817499,515.969,168.367,0.1181,0.0571
2025-06-28 00:00:00+05:30,21.32453703703704,20.300925925925927,27.579166666666666,63.75,948.2875,0.0124999999999999,15.7091039214113,1.6253875147218766,0.0012914211621618,1.2246467991473532e-16,-1.0,1.0199840087110772,515.969,168.367,0.1181,0.0571
2025-06-29 00:00:00+05:30,21.350757575757573,18.636363636363637,26.891666666666666,64.79166666666667,947.9375,0.0625,17.68550213546299,1.0196466881690631,0.0009422096657008,1.2246467991473532e-16,-1.0,-0.6882306546661727,515.969,168.367,0.1181,0.0571
2025-06-30 00:00:00+05:30,21.03095238095238,17.31547619047619,25.479166666666668,74.75,947.6125,0.3625,16.866529376683392,1.3048661617117483,0.0011164712750301,1.2246467991473532e-16,-1.0,-0.6979477840124798,515.969,168.367,0.1181,0.0571
2025-07-01 00:00:00+05:30,21.02777777777778,14.3125,24.508333333333336,82.95833333333333,947.1708333333332,0.3999999999999999,17.406270281930308,0.1321864211823493,0.0011331939772159,-0.4999999999999998,-0.8660254037844388,-0.5258187112330288,515.969,168.367,0.1181,0.0571
2025-07-02 00:00:00+05:30,21.275641025641026,18.384615384615383,24.641666666666666,84.79166666666667,946.9166666666666,0.2041666666666667,12.851108196530973,2.071983367200145,0.0012359834864218,-0.4999999999999998,-0.8660254037844388,-1.1651263008956716,515.969,168.367,0.1181,0.0571
2025-07-03 00:00:00+05:30,21.26736111111111,12.645833333333334,25.241666666666664,77.70833333333333,947.5291666666668,0.075,14.669457662587028,3.3097353006619343,0.0011526593881029,-0.4999999999999998,-0.8660254037844388,-0.4106946926802756,515.969,168.367,0.1181,0.0571
2025-07-04 00:00:00+05:30,21.303571428571427,13.293650793650794,25.895833333333332,75.20833333333333,948.6791666666668,0.4791666666666667,16.427440835565218,3.080139679311084,0.0010029090101785,-0.4999999999999998,-0.8660254037844388,-0.3080076800288421,515.969,168.367,0.1181,0.0571
2025-07-05 00:00:00+05:30,21.365909090909092,17.446969696969695,26.0,74.54166666666667,948.1416666666668,0.1208333333333333,17.82038668839837,2.3886101001179725,0.0009564774102946,-0.4999999999999998,-0.8660254037844388,-0.31125136398211,515.969,168.367,0.1181,0.0571
2025-07-06 00:00:00+05:30,21.326041666666665,16.06597222222222,26.59166666666667,68.79166666666667,946.9666666666668,0.0999999999999999,17.58294457615069,1.3801316607966576,0.0008787410915483,-0.4999999999999998,-0.8660254037844388,-0.1650806543450938,515.969,168.367,0.1181,0.0571
2025-07-07 00:00:00+05:30,21.301041666666663,19.07986111111111,25.4875,76.04166666666667,947.1291666666666,0.125,17.365864156600942,-0.7748025932449778,0.0009511731440053,-0.4999999999999998,-0.8660254037844388,-1.3857157281994343,515.969,168.367,0.1181,0.0571
2025-07-08 00:00:00+05:30,21.054513888888888,19.94097222222222,25.8375,73.58333333333333,947.95,0.0708333333333333,16.29092983671785,-1.2363031910581734,0.0009984151551818,-0.4999999999999998,-0.8660254037844388,-0.6698859770567498,515.969,168.367,0.1181,0.0571
2025-07-09 00:00:00+05:30,21.063541666666666,19.072916666666668,26.025,73.20833333333333,948.3833333333332,0.025,14.22007624935376,-2.0690965918324062,0.0012478075042274,-0.4999999999999998,-0.8660254037844388,0.421414021782647,515.969,168.367,0.1181,0.0571
2025-07-10 00:00:00+05:30,21.602430555555557,25.940972222222225,26.858333333333334,69.70833333333333,948.3166666666666,0.0291666666666666,10.059037592420706,-4.72665986516882,0.0025592772794045,-0.4999999999999998,-0.8660254037844388,-0.3427016198570954,515.969,168.367,0.1181,0.0571
2025-07-11 00:00:00+05:30,21.210069444444446,22.774305555555557,27.495833333333337,68.20833333333333,948.05,0.0125,9.13428814325711,-2.199966728249651,0.003328279731313,-0.4999999999999998,-0.8660254037844388,-0.3666082434913887,515.969,168.367,0.1181,0.0571
2025-07-12 00:00:00+05:30,21.00381944444444,19.711805555555554,27.65833333333333,67.16666666666667,948.5208333333334,0.0541666666666666,11.666234881566467,-1.5792996704653453,0.0013761420446553,-0.4999999999999998,-0.8660254037844388,-0.642831072657594,515.969,168.367,0.1181,0.0571
2025-07-13 00:00:00+05:30,21.23090277777778,18.95486111111111,28.09166666666667,62.833333333333336,948.4625,0.0,12.881765788082946,-0.2113142896430081,0.0012310451263798,-0.4999999999999998,-0.8660254037844388,-0.8578881144115102,515.969,168.367,0.1181,0.0571
2025-07-14 00:00:00+05:30,21.180902777777774,16.36111111111111,28.183333333333337,62.125,948.1208333333334,0.05,14.860205457411572,1.504067103357815,0.001034721584284,-0.4999999999999998,-0.8660254037844388,0.6307307378958403,515.969,168.367,0.1181,0.0571
2025-07-15 00:00:00+05:30,21.31076388888889,11.017361111111112,26.97083333333333,71.04166666666667,947.475,0.1125,13.297401580870035,2.586868876847984,0.0011911917889701,-0.4999999999999998,-0.8660254037844388,-0.4919104578030481,515.969,168.367,0.1181,0.0571
2025-07-16 00:00:00+05:30,21.242708333333333,16.40277777777778,27.754166666666663,68.70833333333333,947.1958333333332,0.1791666666666666,9.389340035645516,-1.600677375820428,0.0019061849186484,-0.4999999999999998,-0.8660254037844388,-0.5745870505041281,515.969,168.367,0.1181,0.0571
2025-07-17 00:00:00+05:30,21.003125,23.527777777777775,27.0125,77.04166666666667,947.8916666666668,0.2916666666666667,5.0633384744801635,-0.4561542636929444,0.0047758797443006,-0.4999999999999998,-0.8660254037844388,-1.2040426622131823,515.969,168.367,0.1181,0.0571
2025-07-18 00:00:00+05:30,20.677777777777777,19.758680555555554,25.97083333333333,81.875,948.1791666666668,0.5208333333333334,4.730943403117011,-1.0284940722767757,0.0038092701198148,-0.4999999999999998,-0.8660254037844388,-1.28992993464717,515.969,168.367,0.1181,0.0571
2025-07-19 00:00:00+05:30,21.288194444444446,25.822916666666668,25.7,82.75,946.1333333333332,0.3541666666666667,6.19499823576098,-2.4456866662720693,0.0030035149571633,-0.4999999999999998,-0.8660254037844388,-0.642516961404585,515.969,168.367,0.1181,0.0571
2025-07-20 00:00:00+05:30,21.13611111111111,26.322916666666668,26.25,77.875,945.625,0.0875,6.148265745269071,-1.6914773143000004,0.0048109993928215,-0.4999999999999998,-0.8660254037844388,0.0005479141124845,515.969,168.367,0.1181,0.0571
2025-07-21 00:00:00+05:30,21.34375,18.583333333333332,26.245833333333337,79.45833333333333,946.2125,0.125,9.057919013018427,-1.43779153968422,0.0022530143056446,-0.4999999999999998,-0.8660254037844388,-0.7738540715108421,515.969,168.367,0.1181,0.0571
2025-07-22 00:00:00+05:30,21.802430555555556,9.541666666666666,25.316666666666663,83.70833333333333,946.15,0.2291666666666666,11.905478338289626,-2.508638606152279,0.0017627916869559,-0.4999999999999998,-0.8660254037844388,-1.0124243239930155,515.969,168.367,0.1181,0.0571
2025-07-23 00:00:00+05:30,21.314583333333335,10.13888888888889,24.420833333333334,87.33333333333333,945.1791666666668,0.3374999999999999,14.993716739295094,-1.1261936759125195,0.0014181228392736,-0.4999999999999998,-0.8660254037844388,-1.386727310404722,515.969,168.367,0.1181,0.0571
2025-07-24 00:00:00+05:30,21.174652777777776,12.125,23.925,87.5,944.6791666666668,0.3541666666666667,15.630959948241967,-0.6422217972021123,0.001232411528887,-0.4999999999999998,-0.8660254037844388,-1.5469637231517137,515.969,168.367,0.1181,0.0571
2025-07-25 00:00:00+05:30,21.251960784313727,20.142857142857142,24.070833333333336,87.75,944.4166666666666,0.6208333333333333,16.637679570814925,1.0101352684052862,0.0012264800292399,-0.4999999999999998,-0.8660254037844388,-0.3195068374221542,515.969,168.367,0.1181,0.0571
2025-07-26 00:00:00+05:30,21.231597222222224,9.125,23.55,90.54166666666669,945.1625,0.9791666666666666,19.681615095555493,3.4413229358924418,0.0010875857019233,-0.4999999999999998,-0.8660254037844388,-0.3969483965679807,515.969,168.367,0.1181,0.0571
2025-07-27 00:00:00+05:30,21.56215277777778,10.072916666666666,25.795833333333334,73.20833333333333,946.9166666666666,0.0375,20.096182174088423,3.2785727356555543,0.0008728860555115,-0.4999999999999998,-0.8660254037844388,-0.4586532316860279,515.969,168.367,0.1181,0.0571
2025-07-28 00:00:00+05:30,20.955555555555556,12.333333333333334,25.975,70.29166666666667,947.6583333333332,0.0,19.211655925079594,0.7440729192406073,0.0008649035609418,-0.4999999999999998,-0.8660254037844388,-0.3079395704249212,515.969,168.367,0.1181,0.0571
2025-07-29 00:00:00+05:30,20.727083333333333,12.920138888888888,26.020833333333332,70.66666666666667,947.8916666666668,0.0208333333333333,18.569435311967073,0.7014831831269025,0.0008923028087693,-0.4999999999999998,-0.8660254037844388,-0.8265403019520535,515.969,168.367,0.1181,0.0571
2025-07-30 00:00:00+05:30,21.214583333333337,13.46527777777778,25.3875,77.33333333333333,947.9875,0.1208333333333333,15.772066057991168,1.3265590689127922,0.0011116280845818,-0.4999999999999998,-0.8660254037844388,0.5365962692111659,515.969,168.367,0.1181,0.0571
2025-07-31 00:00:00+05:30,21.603125,16.663194444444446,26.0125,74.125,948.7208333333332,0.0416666666666666,13.948508410209271,0.018627955469367,0.0014032427963562,-0.4999999999999998,-0.8660254037844388,0.8913816007751308,515.969,168.367,0.1181,0.0571
2025-08-01 00:00:00+05:30,21.805392156862744,16.720588235294116,26.441666666666663,73.0,949.1458333333334,0.0,11.58674571472686,-1.875634714014207,0.0022906553387865,-0.8660254037844384,-0.5000000000000004,0.1991705009224615,515.969,168.367,0.1181,0.0571
2025-08-02 00:00:00+05:30,21.654861111111114,22.21875,27.041666666666668,70.54166666666667,949.1166666666668,0.0083333333333333,7.51714264254716,-2.8066717056068433,0.0069249521651179,-0.8660254037844384,-0.5000000000000004,-1.129673763018217,515.969,168.367,0.1181,0.0571
2025-08-03 00:00:00+05:30,22.009722222222223,27.07986111111111,26.854166666666668,76.375,950.0916666666668,0.025,5.825588369609439,-1.94121072019572,0.0049921945572158,-0.8660254037844384,-0.5000000000000004,-0.4211390449901986,515.969,168.367,0.1181,0.0571
2025-08-04 00:00:00+05:30,21.978472222222223,27.42083333333333,26.4375,80.29166666666667,950.9333333333334,0.1708333333333333,2.309248810249556,-1.469957145399844,0.0084930440149531,-0.8660254037844384,-0.5000000000000004,-0.1428457905305695,515.969,168.367,0.1181,0.0571
2025-08-05 00:00:00+05:30,21.694444444444443,45.40277777777778,26.566666666666663,79.5,950.4583333333334,0.2749999999999999,-0.7324088546404454,-1.5981234519263097,0.0096988999011361,-0.8660254037844384,-0.5000000000000004,-0.3577740970085294,515.969,168.367,0.1181,0.0571
2025-08-06 00:00:00+05:30,21.78125,35.76388888888889,26.666666666666668,79.125,950.2833333333332,0.2916666666666667,-0.5996147961234904,-0.0088740850284062,0.005963472258836,-0.8660254037844384,-0.5000000000000004,-0.0445894684861776,515.969,168.367,0.1181,0.0571
2025-08-07 00:00:00+05:30,21.985069444444445,51.77430555555555,26.15416666666667,83.16666666666667,949.8666666666668,0.9875,0.5378225985572435,-1.2618378501525271,0.0140524855509121,-0.8660254037844384,-0.5000000000000004,-0.8947143511989395,515.969,168.367,0.1181,0.0571
2025-08-08 00:00:00+05:30,21.846180555555552,20.34375,26.045833333333334,79.875,950.6583333333332,0.1625,3.456218388155779,-1.0241052997144524,0.0074348802848705,-0.8660254037844384,-0.5000000000000004,-1.5393460900751936,515.969,168.367,0.1181,0.0571
2025-08-09 00:00:00+05:30,21.806597222222223,20.96701388888889,24.808333333333337,85.08333333333333,952.0708333333332,0.225,4.739085314146332,-2.599741941461986,0.0045849019789042,-0.8660254037844384,-0.5000000000000004,-0.6846258609900392,515.969,168.367,0.1181,0.0571
2025-08-10 00:00:00+05:30,21.931597222222223,16.631944444444446,24.758333333333336,85.70833333333333,951.1166666666668,0.625,6.116817803007879,-1.5778796884852422,0.0034168185015362,-0.8660254037844384,-0.5000000000000004,-0.1712924109313371,515.969,168.367,0.1181,0.0571
2025-08-11 00:00:00+05:30,21.774652777777774,13.982638888888888,24.808333333333337,84.5,950.4833333333332,0.4041666666666666,9.139961503755682,-2.0648940245165455,0.0022527696597441,-0.8660254037844384,-0.5000000000000004,-0.6184099705515308,515.969,168.367,0.1181,0.0571
2025-08-12 00:00:00+05:30,21.516319444444445,12.611111111111112,24.920833333333334,83.04166666666667,948.85,0.1833333333333333,10.52006892965614,-3.2779664801794444,0.0018557522614376,-0.8660254037844384,-0.5000000000000004,-0.9105191071030644,515.969,168.367,0.1181,0.0571
2025-08-13 00:00:00+05:30,22.18784722222222,14.291666666666666,23.85,87.79166666666667,947.0666666666666,0.4916666666666666,11.654412925194896,-3.30761512321847,0.0021493454948391,-0.8660254037844384,-0.5000000000000004,-0.9672414762536612,515.969,168.367,0.1181,0.0571
2025-08-14 00:00:00+05:30,21.958333333333332,10.46875,24.104166666666668,85.375,947.0791666666668,0.3666666666666667,11.680762689449246,0.082623365450825,0.0018686385580112,-0.8660254037844384,-0.5000000000000004,-1.3205545176807512,515.969,168.367,0.1181,0.0571
2025-08-15 00:00:00+05:30,21.896527777777777,10.28125,24.3875,85.08333333333333,945.9666666666668,0.1999999999999999,13.230286391275213,-1.385376267827209,0.0017202355209341,-0.8660254037844384,-0.5000000000000004,0.1967374203287695,515.969,168.367,0.1181,0.0571
2025-08-16 00:00:00+05:30,22.228125,14.795138888888888,24.229166666666668,85.75,944.65,0.0833333333333333,14.708552562005115,-3.368727420367799,0.0013912209132266,-0.8660254037844384,-0.5000000000000004,0.0501250571617618,515.969,168.367,0.1181,0.0571
2025-08-17 00:00:00+05:30,21.875694444444445,15.65625,23.858333333333334,87.70833333333333,944.9625,0.3125,12.945796956878224,1.2711353159393577,0.0015079821365582,-0.8660254037844384,-0.5000000000000004,-0.8308074810630383,515.969,168.367,0.1181,0.0571
2025-08-18 00:00:00+05:30,21.839409722222225,13.869791666666666,23.604166666666668,87.91666666666667,946.0041666666666,0.65,19.150443188520452,-0.6775109285577607,0.0011231585528722,-0.8660254037844384,-0.5000000000000004,-1.0632966148555667,515.969,168.367,0.1181,0.0571
2025-08-19 00:00:00+05:30,22.355902777777775,10.83611111111111,23.8375,84.79166666666667,946.325,0.3083333333333333,20.514926446719866,2.1318679741802615,0.0010129405275095,-0.8660254037844384,-0.5000000000000004,-1.2974077147463767,515.969,168.367,0.1181,0.0571
2025-08-20 00:00:00+05:30,21.882291666666664,14.524305555555555,24.65,82.45833333333333,948.0375,0.1166666666666666,16.19950033510223,4.161869728628037,0.0010784461928698,-0.8660254037844384,-0.5000000000000004,-0.5208856902924595,515.969,168.367,0.1181,0.0571
2025-08-21 00:00:00+05:30,21.63680555555555,14.52777777777778,25.84166666666667,75.58333333333333,950.6916666666666,0.0041666666666666,14.08658304361046,2.653985865208885,0.0014560736187409,-0.8660254037844384,-0.5000000000000004,-0.0563817699464113,515.969,168.367,0.1181,0.0571
2025-08-22 00:00:00+05:30,22.085416666666664,19.291666666666668,25.641666666666666,75.33333333333333,950.7458333333334,0.0041666666666666,13.690833480446146,0.6824749937245224,0.0014360754604841,-0.8660254037844384,-0.5000000000000004,-0.4162895712679278,515.969,168.367,0.1181,0.0571
2025-08-23 00:00:00+05:30,22.148958333333336,18.895833333333332,25.3125,74.41666666666667,949.9875,0.0041666666666666,15.327255352634262,1.2460580635009653,0.0012603834809292,-0.8660254037844384,-0.5000000000000004,-1.2870334863306967,515.969,168.367,0.1181,0.0571
2025-08-24 00:00:00+05:30,21.995833333333337,17.944444444444446,25.616666666666664,71.75,950.725,0.0041666666666666,14.667265349362316,1.4257806867963445,0.0011862942216052,-0.8660254037844384,-0.5000000000000004,-1.772571049876284,515.969,168.367,0.1181,0.0571
2025-08-25 00:00:00+05:30,22.008333333333336,16.53472222222222,25.641666666666666,71.16666666666667,950.0708333333332,0.0041666666666666,14.38773384125139,-0.1840780528707134,0.0014534214078346,-0.8660254037844384,-0.5000000000000004,-0.5015496280208069,515.969,168.367,0.1181,0.0571
2025-08-26 00:00:00+05:30,21.842708333333334,17.368055555555554,24.2125,84.5,949.6291666666666,0.8250000000000001,11.4258442517081,-0.1240004342455169,0.0018023746934293,-0.8660254037844384,-0.5000000000000004,-0.1457837041197703,515.969,168.367,0.1181,0.0571
2025-08-27 00:00:00+05:30,21.869618055555552,11.890625,23.320833333333336,91.125,947.4708333333332,1.075,12.86464900013756,-1.8693002013392708,0.0018299463013852,-0.8660254037844384,-0.5000000000000004,-0.1613558184942105,515.969,168.367,0.1181,0.0571
2025-08-28 00:00:00+05:30,22.370833333333337,14.479166666666666,23.695833333333336,88.95833333333333,946.5,0.7333333333333334,13.747139397967066,0.0853011700975222,0.0016110673729993,-0.8660254037844384,-0.5000000000000004,-0.7140624350737053,515.969,168.367,0.1181,0.0571
2025-08-29 00:00:00+05:30,22.137152777777775,16.618055555555554,24.929166666666664,81.20833333333333,947.6875,0.0708333333333333,12.484997002490177,4.032321318628094,0.0015152488486881,-0.8660254037844384,-0.5000000000000004,-1.332810016039954,515.969,168.367,0.1181,0.0571
2025-08-30 00:00:00+05:30,21.965625,17.052083333333332,25.8625,77.25,949.6291666666666,0.0166666666666666,10.584534091994522,3.0301736562186363,0.0023938189138094,-0.8660254037844384,-0.5000000000000004,-0.8847451097633647,515.969,168.367,0.1181,0.0571
2025-08-31 00:00:00+05:30,22.203125,18.65625,25.03333333333333,84.125,949.375,0.1208333333333333,11.812851583034892,-0.6160841750534211,0.0016920508339757,-0.8660254037844384,-0.5000000000000004,0.3250411173249737,515.969,168.367,0.1181,0.0571
2025-09-01 00:00:00+05:30,22.15590277777778,20.57638888888889,24.78333333333333,83.125,947.6666666666666,0.3625,12.427528698209082,-2.9727258780147565,0.0014599911358581,-1.0,-1.8369701987210294e-16,-0.2758887875546706,515.969,168.367,0.1181,0.0571
2025-09-02 00:00:00+05:30,22.499305555555555,16.37152777777778,24.354166666666668,84.16666666666667,947.0458333333332,0.1875,12.958032797263565,-3.51280607722919,0.0016143656893213,-1.0,-1.8369701987210294e-16,-0.1895463360084675,515.969,168.367,0.1181,0.0571
2025-09-03 00:00:00+05:30,21.944791666666664,26.15625,24.945833333333336,78.5,947.0208333333334,0.0083333333333333,11.30029592467305,-4.198041391296253,0.0025996431650237,-1.0,-1.8369701987210294e-16,-0.4115428507815055,515.969,168.367,0.1181,0.0571
2025-09-04 00:00:00+05:30,22.249074074074073,22.708333333333332,25.375,76.16666666666667,948.0,0.0125,11.785693061718568,1.35510195809596,0.0025710996099238,-1.0,-1.8369701987210294e-16,-1.0142015367721688,515.969,168.367,0.1181,0.0571
2025-09-05 00:00:00+05:30,21.54444444444444,19.5,25.554166666666664,75.5,949.4625,0.025,10.633009468018257,3.5871830072356956,0.0022022881232603,-1.0,-1.8369701987210294e-16,-0.0737011310905326,515.969,168.367,0.1181,0.0571
2025-09-06 00:00:00+05:30,21.816666666666663,21.61111111111111,25.6625,77.91666666666667,950.7333333333332,0.0083333333333333,9.549166523838524,1.1231818334949497,0.0026532237256436,-1.0,-1.8369701987210294e-16,-0.1907947819362496,515.969,168.367,0.1181,0.0571
2025-09-07 00:00:00+05:30,21.884375,22.515625,25.65,72.54166666666667,950.9208333333332,0.0,9.209418361612087,0.3333821951763528,0.0041336280233725,-1.0,-1.8369701987210294e-16,-0.0875739811260034,515.969,168.367,0.1181,0.0571
2025-09-08 00:00:00+05:30,21.485185185185188,21.046296296296298,26.166666666666668,72.58333333333333,950.6666666666666,0.0208333333333333,7.330860079627751,-0.9574330365506878,0.0037796095154575,-1.0,-1.8369701987210294e-16,-0.5174410240305958,515.969,168.367,0.1181,0.0571
2025-09-09 00:00:00+05:30,22.047569444444445,29.166666666666668,27.191666666666663,66.5,951.4375,0.0375,4.57325697326099,-2.038680812849689,0.0050752489968372,-1.0,-1.8369701987210294e-16,-1.170553860387907,515.969,168.367,0.1181,0.0571
2025-09-10 00:00:00+05:30,22.33375,22.2625,26.1125,79.08333333333333,951.6541666666668,0.5083333333333333,4.144505899547481,-3.5403630065831244,0.0041150326376422,-1.0,-1.8369701987210294e-16,-1.372241507034172,515.969,168.367,0.1181,0.0571
2025-09-11 00:00:00+05:30,22.065833333333337,24.766666666666666,24.229166666666668,87.125,950.9625,0.8541666666666666,7.630739507879177,-7.309879281632102,0.0021646997485959,-1.0,-1.8369701987210294e-16,-0.1837083569589984,515.969,168.367,0.1181,0.0571
2025-09-12 00:00:00+05:30,22.125694444444445,42.798611111111114,23.85,88.75,950.6583333333332,0.2749999999999999,6.246203040205223,-5.68968964671931,0.0025106034629522,-1.0,-1.8369701987210294e-16,-0.2428578676605058,515.969,168.367,0.1181,0.0571
2025-09-13 00:00:00+05:30,21.791666666666668,29.729166666666668,24.1125,89.54166666666667,950.175,0.4791666666666667,4.228950810530289,-3.2032457144064286,0.0034727518094198,-1.0,-1.8369701987210294e-16,-1.3271261719317509,515.969,168.367,0.1181,0.0571
2025-09-14 00:00:00+05:30,22.42361111111111,26.604166666666668,25.070833333333336,85.33333333333333,950.3791666666666,0.3,5.053371203833008,0.3360154800862271,0.0041065653050129,-1.0,-1.8369701987210294e-16,-1.6262781832792956,515.969,168.367,0.1181,0.0571
2025-09-15 00:00:00+05:30,22.054861111111112,17.930555555555554,25.258333333333336,84.29166666666667,950.0833333333334,0.1875,7.958081725570484,2.743599973674224,0.0031696456927942,-1.0,-1.8369701987210294e-16,-1.4855842521210378,515.969,168.367,0.1181,0.0571
2025-09-16 00:00:00+05:30,22.23888888888889,21.659722222222225,25.195833333333336,85.375,950.0541666666668,0.3166666666666666,5.640783531462405,2.170351749395653,0.0034238512257375,-1.0,-1.8369701987210294e-16,0.4123136266514326,515.969,168.367,0.1181,0.0571
2025-09-17 00:00:00+05:30,22.426041666666663,27.04513888888889,25.379166666666663,85.33333333333333,950.5083333333332,0.0499999999999999,2.1065110006319547,1.6555357453964064,0.0043563677750334,-1.0,-1.8369701987210294e-16,0.2363023011649995,515.969,168.367,0.1181,0.0571
2025-09-18 00:00:00+05:30,21.8875,29.0125,25.775,83.45833333333333,950.525,0.2625,1.200493511478795,3.241715488168692,0.003854826214792,-1.0,-1.8369701987210294e-16,-0.8922828561139237,515.969,168.367,0.1181,0.0571
2025-09-19 00:00:00+05:30,22.20277777777778,22.13888888888889,25.570833333333336,82.20833333333333,951.1041666666666,0.6749999999999999,4.662554708218883,2.684644339309821,0.0030225616554784,-1.0,-1.8369701987210294e-16,-1.0233815644846456,515.969,168.367,0.1181,0.0571
2025-09-20 00:00:00+05:30,21.87048611111111,23.95486111111111,25.695833333333336,82.25,950.6833333333334,0.0916666666666666,6.27802802691733,-2.1871298025001735,0.0032490219371899,-1.0,-1.8369701987210294e-16,-1.6501993171057543,515.969,168.367,0.1181,0.0571
2025-09-21 00:00:00+05:30,22.405208333333334,23.927083333333332,25.4625,83.95833333333333,949.9333333333334,0.3874999999999999,6.572360438744589,-3.1457808086265273,0.0043981126381861,-1.0,-1.8369701987210294e-16,0.6115605108878654,515.969,168.367,0.1181,0.0571
2025-09-22 00:00:00+05:30,21.959027777777777,21.055555555555554,24.775,87.20833333333333,950.3666666666668,0.2833333333333334,6.347783551263899,-4.198917331993274,0.0025452242953377,-1.0,-1.8369701987210294e-16,0.1911111350823285,515.969,168.367,0.1181,0.0571
2025-09-23 00:00:00+05:30,22.20486111111111,20.21875,24.7,86.41666666666667,950.6125,0.425,9.91539489332093,-3.7039186154400654,0.0020494791867933,-1.0,-1.8369701987210294e-16,-0.5680369162481856,515.969,168.367,0.1181,0.0571
2025-09-24 00:00:00+05:30,22.203819444444445,25.461805555555557,25.0,79.625,949.2083333333334,0.0,11.073508971710444,-5.397337774952042,0.0016475456703432,-1.0,-1.8369701987210294e-16,-1.0669678159254727,515.969,168.367,0.1181,0.0571
2025-09-25 00:00:00+05:30,21.89270833333333,21.302083333333332,23.59583333333333,83.95833333333333,948.3541666666666,0.25,12.407263583440065,-7.233765809654488,0.0015566966831235,-1.0,-1.8369701987210294e-16,-1.2845019868712455,515.969,168.367,0.1181,0.0571
2025-09-26 00:00:00+05:30,22.10138888888889,26.256944444444443,23.679166666666664,88.04166666666667,947.2125,0.7041666666666666,8.474424927684703,-5.000072610147332,0.0024030640603358,-1.0,-1.8369701987210294e-16,-1.4681719988098332,515.969,168.367,0.1181,0.0571
2025-09-27 00:00:00+05:30,21.852083333333336,18.822916666666668,23.425,91.70833333333331,947.3125,0.4375,11.663212764417205,-0.0306071008392225,0.0020708422692055,-1.0,-1.8369701987210294e-16,0.1479475494822442,515.969,168.367,0.1181,0.0571
2025-09-28 00:00:00+05:30,22.417708333333337,19.836805555555554,23.8875,82.375,948.175,0.1374999999999999,10.667999872143447,5.853426601726178,0.0017448056285578,-1.0,-1.8369701987210294e-16,0.2430040357476364,515.969,168.367,0.1181,0.0571
2025-09-29 00:00:00+05:30,21.909375,25.086805555555557,25.079166666666666,76.33333333333333,949.225,0.0,9.775844333938233,1.515224434085393,0.0020026553941455,-1.0,-1.8369701987210294e-16,-1.0388833380023992,515.969,168.367,0.1181,0.0571
2025-09-30 00:00:00+05:30,21.764930555555555,16.96527777777778,25.183333333333337,78.95833333333333,949.0083333333332,0.0041666666666666,10.73587655021612,-0.9971282960489264,0.0018575320026595,-1.0,-1.8369701987210294e-16,-1.0276968332260492,515.969,168.367,0.1181,0.0571
2025-10-01 00:00:00+05:30,22.11423611111111,16.006944444444446,25.47083333333333,75.33333333333333,948.8333333333334,0.0083333333333333,10.8197895814717,-2.3755668389544997,0.0022463506717387,-0.8660254037844387,0.5000000000000001,-0.5394922868244011,515.969,168.367,0.1181,0.0571
2025-10-02 00:00:00+05:30,21.909375,17.21527777777778,25.1125,78.41666666666667,950.3416666666668,0.0,10.087603377066264,-2.231955543717295,0.0023121607149035,-0.8660254037844387,0.5000000000000001,0.555485278037728,515.969,168.367,0.1181,0.0571
2025-10-03 00:00:00+05:30,22.202083333333334,17.645833333333332,25.825,75.75,952.4125,0.0,10.46185620296584,-2.06972712564293,0.0021369492204191,-0.8660254037844387,0.5000000000000001,0.2816073723653236,515.969,168.367,0.1181,0.0571
2025-10-04 00:00:00+05:30,21.70138888888889,18.0625,26.0125,78.5,953.3625,0.0333333333333333,8.842762126756531,-1.7991659358386751,0.0037545114422216,-0.8660254037844387,0.5000000000000001,-0.5111297263223216,515.969,168.367,0.1181,0.0571
2025-10-05 00:00:00+05:30,21.822916666666668,21.666666666666668,25.441666666666663,80.33333333333333,953.5208333333334,0.0958333333333333,6.141630867651272,-2.770820093687171,0.006159572541796,-0.8660254037844387,0.5000000000000001,-1.52030952586777,515.969,168.367,0.1181,0.0571
2025-10-06 00:00:00+05:30,22.05173611111111,21.458333333333332,24.6,81.66666666666667,954.1708333333332,0.425,6.1025404069894655,-2.6832133909725857,0.0042326453007402,-0.8660254037844387,0.5000000000000001,-1.6085214847024656,515.969,168.367,0.1181,0.0571
2025-10-07 00:00:00+05:30,21.85625,26.104166666666668,24.725,81.79166666666667,954.1625,0.1416666666666667,3.3756127160446745,-3.447949077594691,0.011162359511588,-0.8660254037844387,0.5000000000000001,0.5876387152726897,515.969,168.367,0.1181,0.0571
2025-10-08 00:00:00+05:30,22.032638888888886,43.65625,25.945833333333336,74.83333333333333,954.0041666666666,0.0291666666666666,0.7225357273130522,-3.0463122092024535,0.0112391409178945,-0.8660254037844387,0.5000000000000001,0.5774720637362551,515.969,168.367,0.1181,0.0571
2025-10-09 00:00:00+05:30,22.19236111111111,50.072916666666664,25.829166666666666,75.45833333333333,954.5375,0.0458333333333333,-0.1712662993654231,-4.327204388097315,0.0083044259018514,-0.8660254037844387,0.5000000000000001,-0.1436551377610845,515.969,168.367,0.1181,0.0571
2025-10-10 00:00:00+05:30,22.35972222222222,59.767361111111114,26.370833333333337,60.125,953.5208333333334,0.0,1.3220428160201356,-5.937177977916853,0.004495937454634,-0.8660254037844387,0.5000000000000001,-0.0272394398374629,515.969,168.367,0.1181,0.0571
2025-10-11 00:00:00+05:30,21.994444444444444,58.13715277777778,26.09166666666667,57.416666666666664,953.5208333333334,0.0,0.6386843028942005,-7.678191153851095,0.0036520998649062,-0.8660254037844387,0.5000000000000001,-1.817010453181583,515.969,168.367,0.1181,0.0571
2025-10-12 00:00:00+05:30,22.102083333333336,75.10416666666667,26.8875,56.75,953.1083333333332,0.0,-3.846308155628243,-6.471419923062139,0.003008533367587,-0.8660254037844387,0.5000000000000001,-0.0104173195621219,515.969,168.367,0.1181,0.0571
2025-10-13 00:00:00+05:30,21.96111111111111,63.37152777777778,25.5,70.04166666666667,953.6125,0.0083333333333333,-2.4218820615636365,-5.416338670099542,0.0024980876217033,-0.8660254037844387,0.5000000000000001,0.471525180801694,515.969,168.367,0.1181,0.0571
2025-10-14 00:00:00+05:30,21.988541666666663,23.072916666666668,24.97083333333333,82.20833333333333,952.3375,0.0875,-7.986564204123419,-0.4865508594114369,0.0025714841343233,-0.8660254037844387,0.5000000000000001,-0.0740682815586393,515.969,168.367,0.1181,0.0571
2025-10-15 00:00:00+05:30,21.83576388888889,38.911458333333336,25.7125,75.25,952.3416666666668,0.0291666666666666,-8.951566316516434,1.4987767936252332,0.0021858871786619,-0.8660254037844387,0.5000000000000001,-0.6365743170093568,515.969,168.367,0.1181,0.0571
2025-10-16 00:00:00+05:30,22.240972222222226,31.322916666666668,26.820833333333336,66.08333333333333,953.0291666666668,0.0,-8.286469891320737,0.4729990299506299,0.0025986321921332,-0.8660254037844387,0.5000000000000001,-0.6909257508264336,515.969,168.367,0.1181,0.0571
2025-10-17 00:00:00+05:30,21.889930555555555,48.291666666666664,26.920833333333334,64.875,954.2916666666666,0.0291666666666666,-8.692709604971803,-0.9691918267366076,0.0021348482021498,-0.8660254037844387,0.5000000000000001,-0.4519048028942913,515.969,168.367,0.1181,0.0571
2025-10-18 00:00:00+05:30,22.12013888888889,63.33680555555555,27.09583333333333,59.791666666666664,953.5166666666668,0.0,-6.72024529146072,-1.8869169191482096,0.0021731095289079,-0.8660254037844387,0.5000000000000001,0.4073334049015343,515.969,168.367,0.1181,0.0571
2025-10-19 00:00:00+05:30,22.26875,77.375,26.195833333333336,67.875,952.5208333333334,0.0541666666666666,-7.91174605674707,-1.3768223847319911,0.0024839103982624,-0.8660254037844387,0.5000000000000001,-0.5846399340877055,515.969,168.367,0.1181,0.0571
2025-10-20 00:00:00+05:30,22.397083333333335,176.1,25.745833333333337,74.45833333333333,952.3,0.45,-6.248270318628706,1.6241021757766336,0.0022304634874427,-0.8660254037844387,0.5000000000000001,-0.6423109702596275,515.969,168.367,0.1181,0.0571
2025-10-21 00:00:00+05:30,22.14340277777778,48.00868055555555,25.483333333333334,76.5,953.0625,0.0916666666666666,-9.036603240255902,1.617100534013528,0.0018346212039323,-0.8660254037844387,0.5000000000000001,-1.4895527890453062,515.969,168.367,0.1181,0.0571
2025-10-22 00:00:00+05:30,21.671875,23.625,25.09166666666667,80.625,953.2875,0.2125,-10.855982009873022,1.497648406861215,0.0015116004778066,-0.8660254037844387,0.5000000000000001,-1.4033179092246897,515.969,168.367,0.1181,0.0571
2025-10-23 00:00:00+05:30,22.198958333333337,20.114583333333332,23.71666666666667,89.25,952.75,0.2291666666666666,-12.526616889151486,1.5015849352298205,0.0018655459893696,-0.8660254037844387,0.5000000000000001,1.2580847480079749,515.969,168.367,0.1181,0.0571
2025-10-24 00:00:00+05:30,22.072222222222223,23.01736111111111,23.27916666666667,90.70833333333331,953.0208333333334,0.5,-7.2909184291520654,2.6637334644712216,0.0027476634543839,-0.8660254037844387,0.5000000000000001,0.3149946836576906,515.969,168.367,0.1181,0.0571
2025-10-25 00:00:00+05:30,22.25,29.666666666666668,23.4125,88.79166666666667,952.8875,0.85,-4.946972117543219,3.2151768456009187,0.0043159715143855,-0.8660254037844387,0.5000000000000001,-0.9694151191252768,515.969,168.367,0.1181,0.0571
2025-10-26 00:00:00+05:30,22.254545454545458,18.5,24.47083333333333,83.95833333333333,952.7291666666666,0.0416666666666666,-6.346392981010021,3.0939279715121217,0.0036890337039537,-0.8660254037844387,0.5000000000000001,-1.060629709222264,515.969,168.367,0.1181,0.0571
2025-10-27 00:00:00+05:30,21.782954545454544,35.03409090909091,24.96666666666667,79.54166666666667,952.4708333333332,0.0958333333333333,-2.43314440915221,1.8229365930398276,0.0103895847757502,-0.8660254037844387,0.5000000000000001,-1.3771375344596333,515.969,168.367,0.1181,0.0571
2025-10-28 00:00:00+05:30,22.034722222222225,22.975694444444443,23.55,88.58333333333333,949.75,0.7000000000000001,7.714449973443638,-8.029605503720317,0.0022903673910792,-0.8660254037844387,0.5000000000000001,-1.3421585426566094,515.969,168.367,0.1181,0.0571
2025-10-29 00:00:00+05:30,22.171875,27.40625,22.5125,91.125,947.8625,1.1125,13.919816987016548,-1.8777125254837097,0.0017403605437477,-0.8660254037844387,0.5000000000000001,0.0053838431571118,515.969,168.367,0.1181,0.0571
2025-10-30 00:00:00+05:30,21.92638888888889,32.96180555555556,24.84583333333333,73.91666666666667,951.3166666666666,0.0083333333333333,12.32226689706992,5.331700035685104,0.0019758943483454,-0.8660254037844387,0.5000000000000001,0.337522928555121,515.969,168.367,0.1181,0.0571
2025-10-31 00:00:00+05:30,22.15798611111111,36.14930555555556,24.429166666666664,71.04166666666667,953.9833333333332,0.0,8.30522465879739,3.985678064018983,0.00415905950066,-0.8660254037844387,0.5000000000000001,-0.7081098960662285,515.969,168.367,0.1181,0.0571
2025-11-01 00:00:00+05:30,21.802777777777777,41.229166666666664,25.183333333333337,80.5,954.3083333333334,0.0041666666666666,4.6712699882830995,1.357539056246849,0.0204465802072895,-0.5000000000000004,0.8660254037844384,-0.8947569307248027,515.969,168.367,0.1181,0.0571
2025-11-02 00:00:00+05:30,22.00763888888889,26.927083333333332,25.008333333333336,81.0,955.0375,0.0166666666666666,7.391225680744633,-3.512539516284805,0.0042171273361748,-0.5000000000000004,0.8660254037844384,-0.7875337405598898,515.969,168.367,0.1181,0.0571
2025-11-03 00:00:00+05:30,22.075416666666666,37.0875,25.395833333333332,81.16666666666667,954.4416666666666,0.0416666666666666,4.555977920425152,-3.6933860078757177,0.0109414090014307,-0.5000000000000004,0.8660254037844384,0.8720448048355645,515.969,168.367,0.1181,0.0571
2025-11-04 00:00:00+05:30,22.1125,28.666666666666664,24.354166666666668,84.54166666666667,954.2166666666668,0.0666666666666666,4.780626640277025,-3.186394877175109,0.0045270896889111,-0.5000000000000004,0.8660254037844384,-0.1521311015755606,515.969,168.367,0.1181,0.0571
2025-11-05 00:00:00+05:30,21.74618055555555,36.33680555555556,25.266666666666666,73.83333333333333,953.2125,0.0,1.6184938483695692,-4.786633116561531,0.005735190270345,-0.5000000000000004,0.8660254037844384,-0.5096630195027559,515.969,168.367,0.1181,0.0571
2025-11-06 00:00:00+05:30,22.03402777777778,47.58680555555555,24.995833333333337,65.33333333333333,954.0958333333332,0.0,-1.3383703131998417,-5.78265169403153,0.0059908157771959,-0.5000000000000004,0.8660254037844384,-0.8037165499699006,515.969,168.367,0.1181,0.0571
2025-11-07 00:00:00+05:30,21.997569444444448,52.326388888888886,24.9875,58.166666666666664,955.4,0.0,-1.0114808549556504,-7.154092322178292,0.0050503418042727,-0.5000000000000004,0.8660254037844384,-0.4256261027002411,515.969,168.367,0.1181,0.0571
2025-11-08 00:00:00+05:30,21.820138888888888,46.864583333333336,24.241666666666664,50.25,956.3166666666666,0.0,0.4704521892079484,-6.517868445906011,0.0059856085969046,-0.5000000000000004,0.8660254037844384,0.657426338628302,515.969,168.367,0.1181,0.0571
2025-11-09 00:00:00+05:30,22.302777777777777,57.0,23.375,53.708333333333336,955.5166666666668,0.0,-0.8680139280667625,-5.0384448757144495,0.0062893758942893,-0.5000000000000004,0.8660254037844384,-0.1332066601212832,515.969,168.367,0.1181,0.0571
2025-11-10 00:00:00+05:30,22.09313725490196,70.26470588235294,23.554166666666664,50.541666666666664,955.5,0.0,0.6536372968002118,-3.274377348470607,0.0059543448700101,-0.5000000000000004,0.8660254037844384,-0.0949129791311218,515.969,168.367,0.1181,0.0571
2025-11-11 00:00:00+05:30,21.916319444444444,65.11458333333333,24.21666666666667,49.166666666666664,956.1083333333332,0.0,-0.2254832822093778,-4.72742778068363,0.0053471713696437,-0.5000000000000004,0.8660254037844384,-0.3676276797524368,515.969,168.367,0.1181,0.0571
2025-11-12 00:00:00+05:30,22.12291666666667,53.494791666666664,24.1375,47.875,956.8166666666666,0.0,-2.927019449410311,-5.661620865994597,0.0044160590244524,-0.5000000000000004,0.8660254037844384,-0.0637462031104927,515.969,168.367,0.1181,0.0571
2025-11-13 00:00:00+05:30,22.09097222222222,54.00694444444445,23.458333333333332,44.791666666666664,957.4666666666668,0.0,-1.9788250093864843,-6.495270962725574,0.0042206733707723,-0.5000000000000004,0.8660254037844384,0.4931630757831841,515.969,168.367,0.1181,0.0571
2025-11-14 00:00:00+05:30,22.28298611111111,52.64930555555555,22.425,49.75,957.0041666666666,0.0,-4.067138694635898,-3.8730639193035032,0.0052421870006173,-0.5000000000000004,0.8660254037844384,0.334897489954681,515.969,168.367,0.1181,0.0571
2025-11-15 00:00:00+05:30,22.12719298245614,57.76754385964912,22.441666666666663,51.708333333333336,957.7916666666666,0.0,-3.9850655687443903,-1.0639044350392048,0.0092939521699424,-0.5000000000000004,0.8660254037844384,0.019672869208943,515.969,168.367,0.1181,0.0571
2025-11-16 00:00:00+05:30,21.55219298245614,60.328947368421055,22.416666666666668,47.583333333333336,958.675,0.0,-4.1794163306783565,-5.472301888434624,0.0043667532023549,-0.5000000000000004,0.8660254037844384,-0.1697394719797432,515.969,168.367,0.1181,0.0571
2025-11-17 00:00:00+05:30,22.29035087719298,66.0657894736842,22.370833333333337,45.083333333333336,958.15,0.0,-5.458706164374607,-5.496671626005317,0.0029517615846045,-0.5000000000000004,0.8660254037844384,-0.2708669581648772,515.969,168.367,0.1181,0.0571
2025-11-18 00:00:00+05:30,22.021153846153847,77.9551282051282,23.075,45.125,956.5791666666668,0.0,-2.854856369547134,-4.062280227949396,0.0035239592962967,-0.5000000000000004,0.8660254037844384,0.230855832351193,515.969,168.367,0.1181,0.0571
2025-11-19 00:00:00+05:30,22.406944444444445,71.25925925925927,23.125,48.833333333333336,956.55,0.0,-1.506997077903174,-3.975691617610784,0.0050676707873514,-0.5000000000000004,0.8660254037844384,0.2865433255797528,515.969,168.367,0.1181,0.0571
2025-11-20 00:00:00+05:30,21.728819444444444,56.25,23.058333333333337,48.875,957.1625,0.0,-4.158155181294848,-2.7695587199867,0.0054767074601171,-0.5000000000000004,0.8660254037844384,0.1652336911008093,515.969,168.367,0.1181,0.0571
2025-11-21 00:00:00+05:30,21.889930555555555,50.94097222222222,24.370833333333337,56.625,958.2208333333332,0.0,-5.613413065625664,-1.152451200519923,0.0056223369780461,-0.5000000000000004,0.8660254037844384,-0.2700732379016755,515.969,168.367,0.1181,0.0571
2025-11-22 00:00:00+05:30,21.72256944444445,48.93055555555555,25.266666666666666,63.375,957.8291666666668,0.0,-5.97606638324607,2.068980249237193,0.0036940704889967,-0.5000000000000004,0.8660254037844384,-0.8366029924573825,515.969,168.367,0.1181,0.0571
2025-11-23 00:00:00+05:30,21.78333333333333,46.302083333333336,25.7375,61.5,957.5708333333332,0.0,-5.119433892603293,-0.4383709579136292,0.0052479586145018,-0.5000000000000004,0.8660254037844384,-0.621214672772202,515.969,168.367,0.1181,0.0571
2025-11-24 00:00:00+05:30,21.97361111111111,40.645833333333336,25.3875,53.791666666666664,957.7416666666668,0.0,-6.633586153482022,-0.5542327114210117,0.0034730722419709,-0.5000000000000004,0.8660254037844384,0.5335747397241218,515.969,168.367,0.1181,0.0571
2025-11-25 00:00:00+05:30,21.953819444444445,56.09722222222222,24.4125,58.0,957.6375,0.0,-7.210672987532395,0.6356686603740359,0.003152519375825,-0.5000000000000004,0.8660254037844384,0.0736422072904334,515.969,168.367,0.1181,0.0571
2025-11-26 00:00:00+05:30,22.032894736842103,76.0657894736842,23.991666666666664,60.833333333333336,957.85,0.0,-6.786299295769179,0.3963442363806142,0.0046729660162814,-0.5000000000000004,0.8660254037844384,-0.2453036880525269,515.969,168.367,0.1181,0.0571
2025-11-27 00:00:00+05:30,21.9546875,77.65104166666667,23.616666666666664,62.791666666666664,957.9541666666668,0.0,-6.479903256547413,-2.1822173619526133,0.002971428726984,-0.5000000000000004,0.8660254037844384,-0.6577910862655814,515.969,168.367,0.1181,0.0571
2025-11-28 00:00:00+05:30,22.396428571428572,69.375,23.15,51.958333333333336,956.5083333333332,0.0,-5.920518330220751,-6.882115997541075,0.0021517972704124,-0.5000000000000004,0.8660254037844384,-0.2561785596155708,515.969,168.367,0.1181,0.0571
2025-11-29 00:00:00+05:30,22.257986111111112,59.75,22.104166666666668,50.958333333333336,955.3833333333332,0.0,-5.432428104567418,-4.204906225231357,0.0030705175967232,-0.5000000000000004,0.8660254037844384,-0.6425362017446589,515.969,168.367,0.1181,0.0571
2025-11-30 00:00:00+05:30,21.760069444444444,57.204861111111114,22.775,53.958333333333336,955.1458333333334,0.0,-5.477939734457318,-3.783673409958722,0.0030270118004199,-0.5000000000000004,0.8660254037844384,0.3951619998431731,515.969,168.367,0.1181,0.0571
2025-12-01 00:00:00+05:30,22.192708333333332,54.90972222222222,23.4125,59.708333333333336,955.2083333333334,0.0083333333333333,-5.982417259547049,-1.6906312451571173,0.0024844374629055,-2.4492935982947064e-16,1.0,0.0395979109443175,515.969,168.367,0.1181,0.0571
2025-12-02 00:00:00+05:30,22.056597222222223,64.41666666666667,23.97083333333333,61.583333333333336,955.3833333333332,0.0,-6.071401930052297,-3.062993196610279,0.0033601769477403,-2.4492935982947064e-16,1.0,-0.6669051979879143,515.969,168.367,0.1181,0.0571
2025-12-03 00:00:00+05:30,21.92638888888889,65.22569444444444,24.120833333333337,58.208333333333336,956.725,0.0,-7.529252818853599,-2.5055720040563147,0.0022415283978694,-2.4492935982947064e-16,1.0,-0.3702764792857295,515.969,168.367,0.1181,0.0571
2025-12-04 00:00:00+05:30,21.71625,63.55416666666666,24.316666666666663,62.375,957.9666666666668,0.0041666666666666,-6.977688741328092,-1.3858742097154348,0.0019195227397503,-2.4492935982947064e-16,1.0,-0.1352870749265647,515.969,168.367,0.1181,0.0571
2025-12-05 00:00:00+05:30,22.09097222222222,62.052083333333336,23.641666666666666,51.708333333333336,958.9875,0.0,-6.6145720256105704,-4.765023956942099,0.0022902453016631,-2.4492935982947064e-16,1.0,0.9518882087534872,515.969,168.367,0.1181,0.0571
2025-12-06 00:00:00+05:30,22.35,68.71875,22.975,48.916666666666664,959.2,0.0,-5.831784038181066,-3.1801198385930083,0.0028941588179723,-2.4492935982947064e-16,1.0,0.0694520994861214,515.969,168.367,0.1181,0.0571
2025-12-07 00:00:00+05:30,21.771180555555556,57.4375,23.425,45.416666666666664,958.9916666666668,0.0,-5.887009116299054,-4.175602906210181,0.0033049519142353,-2.4492935982947064e-16,1.0,0.1723955298933172,515.969,168.367,0.1181,0.0571
2025-12-08 00:00:00+05:30,22.016666666666666,59.96180555555555,22.6625,39.791666666666664,958.4416666666666,0.0,-4.210978750694955,-5.410165142737487,0.0050238913414448,-2.4492935982947064e-16,1.0,-0.259108576481801,515.969,168.367,0.1181,0.0571
2025-12-09 00:00:00+05:30,21.95798611111111,52.770833333333336,22.733333333333334,34.916666666666664,957.9291666666668,0.0,-6.282160922544127,-6.4438693611249365,0.0034145903662728,-2.4492935982947064e-16,1.0,0.3767996562188427,515.969,168.367,0.1181,0.0571
2025-12-10 00:00:00+05:30,22.024305555555557,45.520833333333336,22.679166666666664,35.083333333333336,958.4166666666666,0.0,-6.000182261484629,-6.227410788820072,0.0031328766484654,-2.4492935982947064e-16,1.0,0.6173087698495359,515.969,168.367,0.1181,0.0571
2025-12-11 00:00:00+05:30,22.186458333333334,44.861111111111114,22.179166666666664,31.75,957.7375,0.0,-4.115947805132305,-5.8796199869819255,0.0036144801064864,-2.4492935982947064e-16,1.0,0.6008631730323613,515.969,168.367,0.1181,0.0571
2025-12-12 00:00:00+05:30,22.035416666666663,40.00416666666667,21.941666666666663,35.083333333333336,956.8,0.0,-3.590748299937202,-4.063832878265962,0.0075325236938233,-2.4492935982947064e-16,1.0,0.538968474451891,515.969,168.367,0.1181,0.0571
2025-12-13 00:00:00+05:30,21.8359649122807,48.94298245614035,22.079166666666666,42.041666666666664,956.8041666666668,0.0,-3.357037487556408,-2.497171443616832,0.0161928764933521,-2.4492935982947064e-16,1.0,0.0460078212482206,515.969,168.367,0.1181,0.0571
2025-12-14 00:00:00+05:30,21.635416666666668,55.41319444444445,22.316666666666663,45.375,957.4,0.0,-4.962677907350065,-1.4102557626512464,0.0055989253271818,-2.4492935982947064e-16,1.0,0.0484010069949696,515.969,168.367,0.1181,0.0571
2025-12-15 00:00:00+05:30,22.03576388888889,57.94097222222222,22.020833333333332,49.958333333333336,957.6458333333334,0.0,-5.355516393385025,-1.4189373266028706,0.004713284282103,-2.4492935982947064e-16,1.0,0.5750572325735213,515.969,168.367,0.1181,0.0571
2025-12-16 00:00:00+05:30,21.876388888888886,55.576388888888886,22.070833333333336,51.916666666666664,957.5666666666666,0.0,-5.354258403048202,0.3191638699069281,0.0059669180191409,-2.4492935982947064e-16,1.0,0.3213213453947458,515.969,168.367,0.1181,0.0571
2025-12-17 00:00:00+05:30,21.931439393939396,69.04545454545455,22.9625,49.25,958.675,0.0,-3.7286487920016183,-3.9994236488960975,0.0103348330087796,-2.4492935982947064e-16,1.0,0.0822375397521722,515.969,168.367,0.1181,0.0571
2025-12-18 00:00:00+05:30,22.069444444444446,48.71111111111111,22.7375,39.958333333333336,958.1416666666668,0.0,-3.6109451161148303,-5.956971883322301,0.005883093989023,-2.4492935982947064e-16,1.0,0.1809404390515778,515.969,168.367,0.1181,0.0571
2025-12-19 00:00:00+05:30,21.833333333333332,51.888888888888886,22.129166666666663,36.541666666666664,956.5666666666666,0.0,-4.259759410712143,-7.022400900935515,0.0041385521244333,-2.4492935982947064e-16,1.0,0.3134289836612579,515.969,168.367,0.1181,0.0571
2025-12-20 00:00:00+05:30,21.84583333333333,49.736111111111114,21.5875,41.541666666666664,955.175,0.0,-4.26503696458358,-4.871492664250436,0.005167794085885,-2.4492935982947064e-16,1.0,0.335926571123214,515.969,168.367,0.1181,0.0571
2025-12-21 00:00:00+05:30,22.049122807017543,55.526315789473685,21.1875,54.541666666666664,956.225,0.0,-3.5878446742566044,-0.5540968242838589,0.0213022903571034,-2.4492935982947064e-16,1.0,1.0112717769399522,515.969,168.367,0.1181,0.0571
2025-12-22 00:00:00+05:30,21.76845238095238,49.24404761904761,22.175,47.5,956.3708333333334,0.0,-4.1813281724103915,-3.036591034571269,0.0075746592565667,-2.4492935982947064e-16,1.0,0.215513644859987,515.969,168.367,0.1181,0.0571
2025-12-23 00:00:00+05:30,21.85944444444444,54.36666666666667,21.71666666666667,48.875,955.6625,0.0,-3.23907588507773,-3.065029913209127,0.0183953579195662,-2.4492935982947064e-16,1.0,0.0213861188645445,515.969,168.367,0.1181,0.0571
2025-12-24 00:00:00+05:30,22.2953125,54.838541666666664,21.97083333333333,47.791666666666664,955.7958333333332,0.0,-5.722618478561283,-1.773859286890633,0.0041358114518596,-2.4492935982947064e-16,1.0,-0.0234551247196275,515.969,168.367,0.1181,0.0571
2025-12-25 00:00:00+05:30,22.224305555555556,53.60069444444445,21.9,47.083333333333336,956.5,0.0,-4.896181482293455,-0.2284169725166027,0.0067647535952399,-2.4492935982947064e-16,1.0,0.2585001671982751,515.969,168.367,0.1181,0.0571
2025-12-26 00:00:00+05:30,22.41875,51.0375,21.425,51.833333333333336,956.4416666666666,0.0,-4.665036853725885,-0.7545110008182152,0.0111488101570249,-2.4492935982947064e-16,1.0,0.6442708669555943,515.969,168.367,0.1181,0.0571
2025-12-27 00:00:00+05:30,21.897222222222226,68.71875,21.483333333333334,52.708333333333336,956.7166666666668,0.0,-3.8385252265929983,-0.1435430355959886,0.0170442555905282,-2.4492935982947064e-16,1.0,0.102809765912911,515.969,168.367,0.1181,0.0571
2025-12-28 00:00:00+05:30,21.96666666666667,62.90972222222222,21.504166666666663,51.916666666666664,957.2333333333332,0.0,-3.8896550942455304,-0.8207760164600794,0.0113423101994054,-2.4492935982947064e-16,1.0,-0.1499582265526256,515.969,168.367,0.1181,0.0571
2025-12-29 00:00:00+05:30,22.385069444444444,57.729166666666664,21.46666666666667,50.833333333333336,956.9541666666668,0.0,-4.903076807449097,-0.8189666339904065,0.0072733268818574,-2.4492935982947064e-16,1.0,-0.2880559506720739,515.969,168.367,0.1181,0.0571
2025-12-30 00:00:00+05:30,21.946491228070176,57.078947368421055,21.995833333333337,51.5,955.95,0.0,-0.2838327267859791,0.4077449246722143,0.0150995548462231,-2.4492935982947064e-16,1.0,0.1137908392445909,515.969,168.367,0.1181,0.0571
2025-12-31 00:00:00+05:30,21.91875,66.11458333333333,22.6875,52.708333333333336,954.2375,0.0,-0.1593116754322937,2.385236643306928,0.0133791694998039,-2.4492935982947064e-16,1.0,0.5472823424445348,515.969,168.367,0.1181,0.0571
2026-01-01 00:00:00+05:30,21.97986111111111,75.06944444444444,23.141666666666666,61.791666666666664,954.6958333333332,0.0,-4.69990551498951,2.277433532031651,0.0041614201354502,0.4999999999999998,0.8660254037844387,0.0904122557534403,515.969,168.367,0.1181,0.0571
2026-01-02 00:00:00+05:30,21.754166666666663,70.30555555555556,23.325,62.5,956.6791666666668,0.0,-4.148147573273063,1.7517078420679824,0.0040094900244247,0.4999999999999998,0.8660254037844387,-0.2756030461819019,515.969,168.367,0.1181,0.0571
2026-01-03 00:00:00+05:30,22.04479166666667,64.90625,22.891666666666666,62.291666666666664,957.625,0.0,-7.237642382845888,2.234885192923549,0.0024713289272022,0.4999999999999998,0.8660254037844387,-0.4000073433081691,515.969,168.367,0.1181,0.0571
2026-01-04 00:00:00+05:30,22.3375,60.33680555555555,22.483333333333334,58.208333333333336,958.3708333333334,0.0,-6.325784790853824,-0.1509185265321899,0.0034041859069488,0.4999999999999998,0.8660254037844387,-0.3683635609941804,515.969,168.367,0.1181,0.0571
2026-01-05 00:00:00+05:30,21.769791666666663,62.392361111111114,22.1625,53.541666666666664,959.0041666666666,0.0,-5.467905368417548,-0.9934020980748284,0.010037983268901,0.4999999999999998,0.8660254037844387,-0.007035566299255,515.969,168.367,0.1181,0.0571
2026-01-06 00:00:00+05:30,21.76770833333333,57.44097222222222,21.683333333333337,50.208333333333336,959.2958333333332,0.0,-6.6981942720133,-2.399208665301089,0.0035895001954957,0.4999999999999998,0.8660254037844387,0.3591955763206959,515.969,168.367,0.1181,0.0571
2026-01-07 00:00:00+05:30,21.858680555555555,46.49652777777778,21.304166666666667,48.208333333333336,959.875,0.0,-6.243302193459503,-0.6930654958121454,0.0051703570384294,0.4999999999999998,0.8660254037844387,0.4575112822934569,515.969,168.367,0.1181,0.0571
2026-01-08 00:00:00+05:30,21.99791666666667,46.59722222222222,21.05,44.958333333333336,959.85,0.0,-5.714589145897249,-1.1186515960558705,0.0059557279041991,0.4999999999999998,0.8660254037844387,0.089761050075445,515.969,168.367,0.1181,0.0571
2026-01-09 00:00:00+05:30,21.915277777777774,38.5625,20.85,41.75,959.0291666666668,0.0,-6.598756552784039,-3.2296103448268436,0.0045680220498036,0.4999999999999998,0.8660254037844387,-0.1517015877481436,515.969,168.367,0.1181,0.0571
