,no2,pm10,pm25,temperature_2m,relative_humidity_2m,surface_pressure,precipitation,U_wind,V_wind,inv_PBLH,month_sin,month_cos,AER_AI,elevation,pop_density,ndvi,ndbi
2025-02-19 00:00:00+05:30,46.22833333333333,185.6735507246377,83.70507246376812,22.01304347826087,47.869565217391305,997.8260869565216,0.0,4.550923376134031,-1.4104222200046053,0.0131745331400944,0.8660254037844386,0.5000000000000001,-0.1144786083074121,126.33,97.16,0.1121,0.0247
2025-02-20 00:00:00+05:30,45.16350694444444,206.47256944444447,92.05416666666667,22.2625,48.041666666666664,999.1375,0.0,-5.240601174683992,-1.4257464046460837,0.0106117373907098,0.8660254037844387,0.5000000000000001,-0.6212542995903269,126.33,97.16,0.1121,0.0247
2025-02-21 00:00:00+05:30,38.21729166666667,179.7173611111111,80.46354166666667,22.629166666666663,55.125,1000.1708333333332,0.0,-0.1422570582043846,-2.185599912118744,0.0078760769511628,0.8660254037844387,0.5000000000000001,0.6437724376770132,126.33,97.16,0.1121,0.0247
2025-02-22 00:00:00+05:30,43.97510416666666,154.609375,74.46736111111112,21.3875,60.083333333333336,1000.2125,0.0,7.855479851307199,-1.938451457785792,0.0077271769197137,0.8660254037844387,0.5000000000000001,-0.1011632936441771,126.33,97.16,0.1121,0.0247
2025-02-23 00:00:00+05:30,44.13104166666667,158.53159722222222,66.8170138888889,20.558333333333337,56.833333333333336,1001.7625,0.0,6.740423851713214,-2.071437673822959,0.0108643890774078,0.8660254037844387,0.5000000000000001,-0.2890167429124153,126.33,97.16,0.1121,0.0247
2025-02-24 00:00:00+05:30,49.266111111111115,165.92013888888889,74.26215277777779,21.016666666666666,55.291666666666664,1002.6833333333334,0.0,5.944738225590334,-1.560964382741514,0.013214710312709,0.8660254037844387,0.5000000000000001,-0.3627547181547828,126.33,97.16,0.1121,0.0247
2025-02-25 00:00:00+05:30,49.022638888888885,174.04409722222223,80.00868055555556,21.220833333333335,49.083333333333336,1003.3375,0.0,5.2720237839247455,-0.5551130803079429,0.0155295063481088,0.8660254037844387,0.5000000000000001,0.1156715094991918,126.33,97.16,0.1121,0.0247
2025-02-26 00:00:00+05:30,49.06128472222222,230.18229166666663,106.88055555555556,22.308333333333337,54.208333333333336,1003.2375,0.0,3.352868440949688,0.8622255482743032,0.0225030978649123,0.8660254037844387,0.5000000000000001,0.3440259723518815,126.33,97.16,0.1121,0.0247
2025-02-27 00:00:00+05:30,48.72430555555556,205.01354166666667,90.05972222222222,23.641666666666666,58.416666666666664,1000.4083333333332,0.0,3.0688282014192025,-1.226885092361867,0.0137472479427904,0.8660254037844387,0.5000000000000001,0.836663309651881,126.33,97.16,0.1121,0.0247
2025-02-28 00:00:00+05:30,49.00107638888889,246.83888888888887,113.72881944444444,24.895833333333332,59.833333333333336,997.3583333333332,0.0,-8.019992981828674,1.962985405448284,0.0075612309137671,0.8660254037844387,0.5000000000000001,0.1585703067467883,126.33,97.16,0.1121,0.0247
2025-03-01 00:00:00+05:30,49.13534722222223,172.90520833333335,73.38854166666667,23.333333333333332,62.125,997.225,0.0,-6.334744444332807,-3.2295168720666236,0.0074548458582183,1.0,6.123233995736766e-17,-0.2274295299343907,126.33,97.16,0.1121,0.0247
2025-03-02 00:00:00+05:30,48.21993055555556,136.11423611111113,45.151388888888896,23.34166666666667,57.666666666666664,995.4208333333332,0.0,8.102516699140015,-4.981326534479487,0.0049391287549228,1.0,6.123233995736766e-17,0.2792481434267943,126.33,97.16,0.1121,0.0247
2025-03-03 00:00:00+05:30,34.459583333333335,132.97326388888888,44.88506944444444,22.3,44.791666666666664,996.4166666666666,0.0,10.886614153924231,-1.5703696770659945,0.0036131644974925,1.0,6.123233995736766e-17,0.5803994440916018,126.33,97.16,0.1121,0.0247
2025-03-04 00:00:00+05:30,45.3996875,180.56284722222225,59.625,23.454166666666666,44.5,996.2458333333334,0.0,9.59383738970895,-3.3740635051269745,0.0065366172419047,1.0,6.123233995736766e-17,0.8544833442769869,126.33,97.16,0.1121,0.0247
2025-03-05 00:00:00+05:30,45.41628472222222,193.25,50.57569444444445,20.0,43.166666666666664,996.3791666666666,0.0,17.322292013874986,-3.3775342714656538,0.0013251080644929,1.0,6.123233995736766e-17,0.6975792532151134,126.33,97.16,0.1121,0.0247
2025-03-06 00:00:00+05:30,46.52583333333333,154.59305555555554,50.840625,19.904166666666665,39.416666666666664,996.8166666666666,0.0,10.234481809794936,-1.0533863455088974,0.0083149653751802,1.0,6.123233995736766e-17,0.4524758282935124,126.33,97.16,0.1121,0.0247
2025-03-07 00:00:00+05:30,42.774027777777775,195.0375,80.99201388888889,21.495833333333337,46.833333333333336,995.2333333333332,0.0,6.685564526877003,-0.7347785347107766,0.016120981451221,1.0,6.123233995736766e-17,0.315561072867967,126.33,97.16,0.1121,0.0247
2025-03-08 00:00:00+05:30,33.30413194444444,178.9097222222222,76.93124999999999,22.870833333333337,42.583333333333336,993.8791666666666,0.0,5.719898542930008,-1.2720139156667931,0.0181237701695284,1.0,6.123233995736766e-17,0.1981803255669403,126.33,97.16,0.1121,0.0247
2025-03-09 00:00:00+05:30,32.289409722222224,243.3125,117.33680555555554,23.95,44.791666666666664,997.8208333333332,0.0,-1.073678837071028,0.6349325992595319,0.0299640097114488,1.0,6.123233995736766e-17,0.5845901985240607,126.33,97.16,0.1121,0.0247
2025-03-10 00:00:00+05:30,30.692673611111115,222.15694444444443,106.11006944444443,24.8,45.083333333333336,1000.6875,0.0,-2.284784945056225,1.0903047147675922,0.0096447572214777,1.0,6.123233995736766e-17,0.2546337493237616,126.33,97.16,0.1121,0.0247
2025-03-11 00:00:00+05:30,28.29993055555556,245.91527777777776,117.12152777777776,26.40833333333333,45.916666666666664,997.9708333333332,0.0,5.264223276722125,0.5383610745505912,0.0317947598227341,1.0,6.123233995736766e-17,0.2179635194017457,126.33,97.16,0.1121,0.0247
2025-03-12 00:00:00+05:30,28.348090277777775,191.96875,81.31319444444445,27.520833333333332,42.666666666666664,993.2416666666668,0.0,9.283504937111468,-1.7723429920497644,0.0078247614529105,1.0,6.123233995736766e-17,0.2188686686601665,126.33,97.16,0.1121,0.0247
2025-03-13 00:00:00+05:30,29.701284722222223,178.571875,81.15277777777779,27.020833333333332,45.916666666666664,992.2625,0.0,7.411564534264976,-1.5318394503338502,0.0097598628846305,1.0,6.123233995736766e-17,-0.624912011658284,126.33,97.16,0.1121,0.0247
2025-03-14 00:00:00+05:30,32.73916666666667,157.51493055555554,71.92048611111112,27.90833333333333,43.458333333333336,993.5208333333334,0.0,5.7292069345631225,-0.6109385729811888,0.015856985079817,1.0,6.123233995736766e-17,0.663448498680318,126.33,97.16,0.1121,0.0247
2025-03-15 00:00:00+05:30,31.75107638888889,142.86145833333333,86.60833333333333,28.65833333333333,41.166666666666664,995.0166666666668,0.0124999999999999,-0.0037651611108947,-1.555872108439717,0.0100461995531985,1.0,6.123233995736766e-17,0.2445137179247369,126.33,97.16,0.1121,0.0247
2025-03-16 00:00:00+05:30,31.42663194444445,145.84687499999998,67.01493055555555,27.370833333333337,40.25,995.3375,0.0,0.4071876794554687,-8.37325991761597,0.004182087894031,1.0,6.123233995736766e-17,0.6952396569222505,126.33,97.16,0.1121,0.0247
2025-03-17 00:00:00+05:30,37.39732638888889,106.6777777777778,40.722569444444446,26.4,37.75,995.9416666666666,0.0,9.29069058999358,-7.356344783572234,0.0023445581884045,1.0,6.123233995736766e-17,-0.2453468750296368,126.33,97.16,0.1121,0.0247
2025-03-18 00:00:00+05:30,42.1534375,111.30555555555556,43.010763888888896,24.366666666666664,38.958333333333336,996.6125,0.0,10.89429767010452,-1.3724264831955688,0.0048668113624028,1.0,6.123233995736766e-17,-0.3501212632654808,126.33,97.16,0.1121,0.0247
2025-03-19 00:00:00+05:30,49.47215277777778,132.29583333333332,56.62569444444444,25.195833333333336,40.166666666666664,998.0125,0.0,7.540865638207671,-0.66787125275195,0.0093047952240654,1.0,6.123233995736766e-17,0.4519895087279909,126.33,97.16,0.1121,0.0247
2025-03-20 00:00:00+05:30,41.9665625,151.27743055555555,67.5045138888889,26.866666666666664,35.666666666666664,998.625,0.0,4.836538136870366,-1.7519773201155555,0.0116394622270293,1.0,6.123233995736766e-17,0.3827541931308635,126.33,97.16,0.1121,0.0247
2025-03-21 00:00:00+05:30,18.847447916666667,135.20902777777778,59.63298611111111,26.65833333333333,32.125,997.6833333333334,0.0,6.8986557473180925,-2.228893026836926,0.0073820553517013,1.0,6.123233995736766e-17,0.3618979600063304,126.33,97.16,0.1121,0.0247
2025-03-22 00:00:00+05:30,31.5759375,169.32135416666668,74.15798611111111,25.9125,28.75,998.0291666666668,0.0,6.797487784887422,-3.231448641593536,0.0079432321735755,1.0,6.123233995736766e-17,0.2605313184583639,126.33,97.16,0.1121,0.0247
2025-03-23 00:00:00+05:30,33.463541666666664,168.74409722222222,81.17604166666666,25.8,33.208333333333336,999.3458333333332,0.0,1.4739819695365386,-1.5741685416562092,0.016653506155561,1.0,6.123233995736766e-17,0.1221842802173116,126.33,97.16,0.1121,0.0247
2025-03-24 00:00:00+05:30,32.41427083333333,201.47083333333333,107.48472222222222,26.604166666666668,36.875,998.9875,0.0,1.391461601868486,-0.360334237331329,0.0211634440655546,1.0,6.123233995736766e-17,0.3789049453601829,126.33,97.16,0.1121,0.0247
2025-03-25 00:00:00+05:30,31.339375,231.903125,118.58472222222224,27.5375,36.875,994.8625,0.0,3.810750680625634,-0.0431980837680165,0.0341793641741156,1.0,6.123233995736766e-17,0.4803178068861639,126.33,97.16,0.1121,0.0247
2025-03-26 00:00:00+05:30,32.134236111111115,202.91371527777775,130.75416666666666,29.09166666666667,34.833333333333336,991.6625,0.0,8.095839593482095,-0.1177144997840848,0.014432318891187,1.0,6.123233995736766e-17,0.7073899003452283,126.33,97.16,0.1121,0.0247
2025-03-27 00:00:00+05:30,28.76111111111111,182.5510416666667,83.49340277777777,30.795833333333334,28.166666666666668,990.2958333333332,0.0,13.034849469704527,-2.579930318737588,0.0076104260434695,1.0,6.123233995736766e-17,0.5445634407299005,126.33,97.16,0.1121,0.0247
2025-03-28 00:00:00+05:30,28.486805555555552,210.9253472222222,84.81006944444444,30.091666666666665,25.666666666666668,991.3083333333334,0.0,12.655059548266728,-4.085235764957848,0.0037941176039293,1.0,6.123233995736766e-17,0.5467163038895498,126.33,97.16,0.1121,0.0247
2025-03-29 00:00:00+05:30,34.661006944444445,161.55694444444444,63.07743055555556,26.108333333333334,19.75,992.7916666666666,0.0,13.572592820079128,-2.2163683374436767,0.00241060497693,1.0,6.123233995736766e-17,0.6139945832681493,126.33,97.16,0.1121,0.0247
2025-03-30 00:00:00+05:30,35.93760416666667,159.51076388888887,66.50972222222222,26.3125,21.333333333333332,994.3625,0.0,10.092987471778494,-1.9109125611484792,0.0055517741916229,1.0,6.123233995736766e-17,0.6926381038104938,126.33,97.16,0.1121,0.0247
2025-03-31 00:00:00+05:30,34.15354166666666,138.58298611111113,60.04444444444445,27.633333333333336,21.375,994.4708333333332,0.0,8.802902354981715,-2.541541530769242,0.0067296155979649,1.0,6.123233995736766e-17,0.6854955935826867,126.33,97.16,0.1121,0.0247
2025-04-01 00:00:00+05:30,25.778732638888886,145.0637152777778,53.48628472222222,28.40833333333333,18.0,993.8166666666666,0.0,10.036272772368632,-3.6426720208866463,0.0067926315478594,0.8660254037844387,-0.4999999999999998,0.9563786675562737,126.33,97.16,0.1121,0.0247
2025-04-02 00:00:00+05:30,25.21597222222222,161.26631944444446,74.63472222222222,28.9625,17.166666666666668,995.1583333333332,0.0,6.761998784223831,-1.4610041272989704,0.010095873526915,0.8660254037844387,-0.4999999999999998,-1.10351690675222,126.33,97.16,0.1121,0.0247
2025-04-03 00:00:00+05:30,34.33302083333333,195.3090277777778,99.6048611111111,29.870833333333337,19.25,995.9833333333332,0.0,5.039218851729776,-1.176946606394772,0.021719461957039,0.8660254037844387,-0.4999999999999998,0.4833186041630036,126.33,97.16,0.1121,0.0247
2025-04-04 00:00:00+05:30,33.213437500000005,184.02743055555553,88.73576388888888,30.566666666666663,20.666666666666668,994.6291666666666,0.0,6.771196824831448,-0.7804540820090867,0.0128607108475196,0.8660254037844387,-0.4999999999999998,1.0367468292702906,126.33,97.16,0.1121,0.0247
2025-04-05 00:00:00+05:30,32.200624999999995,165.1954861111111,74.87465277777777,30.379166666666663,18.416666666666668,992.65,0.0,8.922825003510933,0.0036159383313253,0.0107441179824144,0.8660254037844387,-0.4999999999999998,0.9069484560603954,126.33,97.16,0.1121,0.0247
2025-04-06 00:00:00+05:30,35.09576388888889,167.77152777777778,83.14722222222223,30.7625,20.083333333333332,991.8583333333332,0.0,5.0139342152641015,-1.439937887363369,0.0128539141433719,0.8660254037844387,-0.4999999999999998,0.7393328562960991,126.33,97.16,0.1121,0.0247
2025-04-07 00:00:00+05:30,34.16229166666667,228.81944444444449,107.56284722222222,31.925,19.708333333333332,993.5375,0.0,-4.145540428614495,1.2054225498898257,0.0156440268792414,0.8660254037844387,-0.4999999999999998,0.6040118569966433,126.33,97.16,0.1121,0.0247
2025-04-08 00:00:00+05:30,36.15565972222222,220.2857638888889,92.49965277777778,32.329166666666666,32.291666666666664,995.7291666666666,0.0,-8.419803833098626,0.4113235895647651,0.0046986244839617,0.8660254037844387,-0.4999999999999998,0.374328102900545,126.33,97.16,0.1121,0.0247
2025-04-09 00:00:00+05:30,36.38458333333333,222.575,108.29583333333332,32.550000000000004,34.625,993.6041666666666,0.0166666666666666,-7.822892266506236,-1.3026688003617863,0.0033779119963367,0.8660254037844387,-0.4999999999999998,0.568073042732936,126.33,97.16,0.1121,0.0247
2025-04-11 00:00:00+05:30,38.75666666666667,115.15833333333332,64.95833333333334,27.5125,57.875,989.2916666666666,0.0041666666666666,-8.270332966659252,0.6375761629784938,0.0030482935222763,0.8660254037844387,-0.4999999999999998,0.8965702660593825,126.33,97.16,0.1121,0.0247
2025-04-12 00:00:00+05:30,39.30694444444445,92.89270833333336,41.21006944444444,28.041666666666668,55.958333333333336,991.05,0.0458333333333333,-5.113377205672524,-0.8324861630684817,0.0113383893248478,0.8660254037844387,-0.4999999999999998,0.3660288081146991,126.33,97.16,0.1121,0.0247
2025-04-13 00:00:00+05:30,38.23670138888889,111.6621527777778,32.70729166666667,27.72083333333333,53.875,993.6541666666668,0.0249999999999999,-3.2951484029581404,0.2893899993581244,0.0128262374812571,0.8660254037844387,-0.4999999999999998,0.4224358883027753,126.33,97.16,0.1121,0.0247
2025-04-14 00:00:00+05:30,31.36660714285714,78.5125,21.973214285714285,27.27916666666667,55.791666666666664,994.1083333333332,0.0,-7.414811530773751,0.0051890233364113,0.0064153393942167,0.8660254037844387,-0.4999999999999998,0.1697325340852392,126.33,97.16,0.1121,0.0247
2025-04-15 00:00:00+05:30,20.20453125,142.59375,56.6921875,29.058333333333337,49.333333333333336,994.0416666666666,0.0,-8.148335523675927,-0.7071801920898345,0.005446727840924,0.8660254037844387,-0.4999999999999998,0.5623453620807533,126.33,97.16,0.1121,0.0247
2025-04-16 00:00:00+05:30,28.293,138.92444444444445,60.02833333333333,30.708333333333332,41.291666666666664,992.6708333333332,0.0,-6.614899091890675,-1.1829511694790884,0.0057096027569235,0.8660254037844387,-0.4999999999999998,0.3913987246361274,126.33,97.16,0.1121,0.0247
2025-04-17 00:00:00+05:30,31.07607638888889,150.18958333333333,70.46041666666666,31.24166666666667,42.791666666666664,990.4083333333332,0.0,-2.809933576617499,1.2297071313607495,0.0058459146382689,0.8660254037844387,-0.4999999999999998,0.2079500300520206,126.33,97.16,0.1121,0.0247
2025-04-18 00:00:00+05:30,28.27902777777778,151.18229166666666,65.39999999999999,31.15416666666667,51.291666666666664,989.1875,0.0,-10.250191363797978,2.006913586287872,0.0024892631498232,0.8660254037844387,-0.4999999999999998,0.210358949300671,126.33,97.16,0.1121,0.0247
2025-04-19 00:00:00+05:30,29.371284722222224,127.73472222222222,39.81319444444444,30.675,53.0,990.3666666666668,0.0,-10.111754803543564,1.244839509380884,0.0025297532311365,0.8660254037844387,-0.4999999999999998,0.7473938519481368,126.33,97.16,0.1121,0.0247
2025-04-20 00:00:00+05:30,27.68190972222222,121.2,62.45590277777777,32.8125,45.666666666666664,989.5083333333332,0.0,-5.8842185637472495,1.459713221817288,0.0043884722214632,0.8660254037844387,-0.4999999999999998,0.6618188766115397,126.33,97.16,0.1121,0.0247
2025-04-21 00:00:00+05:30,27.977951388888886,187.41284722222224,94.27118055555556,34.708333333333336,36.5,991.1291666666666,0.0,1.0393788094861294,1.9017764569581577,0.0094729085551337,0.8660254037844387,-0.4999999999999998,1.2208976886131755,126.33,97.16,0.1121,0.0247
2025-04-22 00:00:00+05:30,28.286833333333337,241.24083333333337,102.90833333333332,33.387499999999996,24.791666666666668,991.6166666666668,0.0,9.402946653153984,-1.9935863704522911,0.0067270059201689,0.8660254037844387,-0.4999999999999998,1.2748113508877512,126.33,97.16,0.1121,0.0247
2025-04-23 00:00:00+05:30,25.35048611111111,215.9565972222222,91.04270833333334,32.53333333333334,18.541666666666668,989.6125,0.0,11.303544329110162,-3.870222317211184,0.0062756076001904,0.8660254037844387,-0.4999999999999998,1.2630122530579837,126.33,97.16,0.1121,0.0247
2025-04-24 00:00:00+05:30,23.688541666666666,205.3826388888889,96.84791666666666,33.4375,15.458333333333334,988.1375,0.0,10.31995895213477,-2.2918944124527587,0.0070149610135613,0.8660254037844387,-0.4999999999999998,0.9255085290251408,126.33,97.16,0.1121,0.0247
2025-04-25 00:00:00+05:30,26.83649305555555,159.19895833333334,79.95486111111111,34.19166666666667,16.75,988.9916666666668,0.0,4.900817653540418,1.2458723736217918,0.0226317680251313,0.8660254037844387,-0.4999999999999998,0.8195043291931703,126.33,97.16,0.1121,0.0247
2025-04-26 00:00:00+05:30,23.239375,157.79583333333332,79.69097222222221,34.62083333333333,16.916666666666668,988.7333333333332,0.0,4.342931972870201,-0.1806805020923604,0.0180080533929339,0.8660254037844387,-0.4999999999999998,1.3737382912082297,126.33,97.16,0.1121,0.0247
2025-04-27 00:00:00+05:30,22.926701388888887,237.2263888888889,113.54131944444444,33.30833333333333,19.791666666666668,990.7416666666668,0.0,0.4190384691615849,-0.7558199998343397,0.0101568107526817,0.8660254037844387,-0.4999999999999998,0.3041980472253118,126.33,97.16,0.1121,0.0247
2025-04-28 00:00:00+05:30,23.7153125,243.7142361111111,90.02361111111111,30.1625,41.833333333333336,991.2416666666668,0.0,-10.944971512159546,-0.3312707494945496,0.0022645921756289,0.8660254037844387,-0.4999999999999998,1.3071648868714627,126.33,97.16,0.1121,0.0247
2025-04-29 00:00:00+05:30,27.957222222222224,213.57152777777776,64.2625,30.025,46.5,991.0833333333334,0.0166666666666666,-13.857106363501464,2.489807753353181,0.0027917569155199,0.8660254037844387,-0.4999999999999998,0.909261001880736,126.33,97.16,0.1121,0.0247
2025-04-30 00:00:00+05:30,30.635798611111113,152.66215277777778,61.859375,30.120833333333337,44.541666666666664,992.6625,0.0,-11.46268642755274,0.8041992701033531,0.0016582344898579,0.8660254037844387,-0.4999999999999998,0.6378994225529526,126.33,97.16,0.1121,0.0247
2025-05-01 00:00:00+05:30,29.948645833333337,217.27291666666667,69.26597222222223,29.766666666666666,47.5,993.9416666666666,0.0,-13.41091940864182,0.6394841830004739,0.0016445881842159,0.4999999999999998,-0.8660254037844387,0.985770964208246,126.33,97.16,0.1121,0.0247
2025-05-02 00:00:00+05:30,29.79982638888889,163.7232638888889,72.97291666666666,30.870833333333337,43.208333333333336,993.3125,0.0,-9.040321801587815,0.7068576851229468,0.0034827452766882,0.4999999999999998,-0.8660254037844387,0.236152833370338,126.33,97.16,0.1121,0.0247
2025-05-03 00:00:00+05:30,27.360520833333336,182.4340277777778,94.58333333333331,32.07083333333333,39.916666666666664,990.9666666666668,0.0,-2.912264842387619,-4.36459465652256,0.0037433980051158,0.4999999999999998,-0.8660254037844387,0.676127618978257,126.33,97.16,0.1121,0.0247
2025-05-04 00:00:00+05:30,27.268090277777777,201.01840277777777,95.19513888888888,29.695833333333336,50.916666666666664,990.1125,0.0625,-8.173786309303962,1.7376465006215958,0.0039035055922126,0.4999999999999998,-0.8660254037844387,0.3774490519363117,126.33,97.16,0.1121,0.0247
2025-05-05 00:00:00+05:30,29.217708333333334,192.82708333333335,65.41770833333334,30.683333333333337,48.75,990.4416666666666,0.0041666666666666,-5.5645837193111625,1.0767355049729677,0.0031075018584075,0.4999999999999998,-0.8660254037844387,-1.412817838147964,126.33,97.16,0.1121,0.0247
2025-05-06 00:00:00+05:30,27.917534722222225,160.52256944444443,69.00138888888888,29.1875,57.708333333333336,991.2291666666666,0.0,-5.618445907363866,-1.2401400269216774,0.0065127863964239,0.4999999999999998,-0.8660254037844387,0.6548371731953552,126.33,97.16,0.1121,0.0247
2025-05-07 00:00:00+05:30,28.42979166666667,116.65104166666669,47.24861111111111,30.15,53.166666666666664,989.9208333333332,0.0166666666666666,-6.743396143101702,0.7031868500434966,0.0044283417603335,0.4999999999999998,-0.8660254037844387,0.8765234781159635,126.33,97.16,0.1121,0.0247
2025-05-08 00:00:00+05:30,27.135798611111113,112.69305555555556,52.357638888888886,31.4375,45.458333333333336,990.3,0.0,1.6962337445539983,4.948813985756542,0.0090679506458095,0.4999999999999998,-0.8660254037844387,0.5455010954646395,126.33,97.16,0.1121,0.0247
2025-05-09 00:00:00+05:30,28.126284722222223,125.66423611111112,59.50694444444445,31.258333333333336,45.875,991.975,0.0499999999999999,5.892535152363455,4.009716919754905,0.0098193058353999,0.4999999999999998,-0.8660254037844387,-0.1937541938338268,126.33,97.16,0.1121,0.0247
2025-05-10 00:00:00+05:30,26.318784722222222,118.48333333333332,58.11284722222222,32.666666666666664,44.0,991.1083333333332,0.0541666666666666,7.461415960801805,2.057124843022756,0.0060868062205875,0.4999999999999998,-0.8660254037844387,-0.5782418903642648,126.33,97.16,0.1121,0.0247
2025-05-11 00:00:00+05:30,29.27513888888889,121.76111111111112,53.566319444444446,32.300000000000004,47.041666666666664,989.1833333333334,0.0875,3.841350004187764,2.7351466542633776,0.0085467486344396,0.4999999999999998,-0.8660254037844387,-0.854086176624029,126.33,97.16,0.1121,0.0247
2025-05-12 00:00:00+05:30,26.424270833333335,123.78506944444445,62.91493055555555,33.862500000000004,36.208333333333336,987.4875,0.0,8.03842434167276,-2.4479288772690624,0.0059361970663721,0.4999999999999998,-0.8660254037844387,0.5846101456881332,126.33,97.16,0.1121,0.0247
2025-05-13 00:00:00+05:30,23.554826388888888,163.84097222222223,68.51875,35.012499999999996,28.333333333333332,987.7541666666666,0.0,9.319704324275785,-3.8425432262845938,0.008522558001038,0.4999999999999998,-0.8660254037844387,1.1148064225343006,126.33,97.16,0.1121,0.0247
2025-05-14 00:00:00+05:30,29.40381944444444,219.3246527777778,90.58229166666666,35.52916666666667,24.5,988.1375,0.0,7.599484358657882,-2.9494236788599806,0.0062770873878232,0.4999999999999998,-0.8660254037844387,1.5423481703462227,126.33,97.16,0.1121,0.0247
2025-05-15 00:00:00+05:30,28.96038194444445,240.1055555555556,120.04930555555556,36.175,23.291666666666668,987.8583333333332,0.0,6.064083450516777,-1.039123668986674,0.0132907766273905,0.4999999999999998,-0.8660254037844387,1.024171791205816,126.33,97.16,0.1121,0.0247
2025-05-16 00:00:00+05:30,29.557951388888892,310.54305555555555,131.34756944444445,36.2,28.791666666666668,987.375,0.0,0.6828707283127949,0.5251396605933952,0.0094342459248067,0.4999999999999998,-0.8660254037844387,1.4283602349853222,126.33,97.16,0.1121,0.0247
2025-05-17 00:00:00+05:30,28.61729166666667,174.38888888888889,78.88819444444444,34.80833333333333,41.208333333333336,987.6583333333332,0.0,-1.6361739202446828,0.97871927645767,0.0034949794704319,0.4999999999999998,-0.8660254037844387,1.26726857778743,126.33,97.16,0.1121,0.0247
2025-05-18 00:00:00+05:30,28.21682291666667,168.23854166666666,71.9642361111111,33.72083333333333,46.875,988.1166666666668,0.0,-9.01465028970984,1.4973878342806586,0.0019379741865042,0.4999999999999998,-0.8660254037844387,1.2830146818102477,126.33,97.16,0.1121,0.0247
2025-05-19 00:00:00+05:30,30.760416666666668,142.71614583333334,62.23802083333334,32.987500000000004,50.875,988.0125,0.0,-12.913256090376684,1.9183762883028983,0.001477905960377,0.4999999999999998,-0.8660254037844387,1.1161649368914777,126.33,97.16,0.1121,0.0247
2025-05-20 00:00:00+05:30,33.78135416666667,91.74861111111112,36.35590277777778,32.93333333333333,55.416666666666664,986.4458333333332,0.0625,-10.059209112909802,-1.1185495879331997,0.0018800573290475,0.4999999999999998,-0.8660254037844387,1.620540261310841,126.33,97.16,0.1121,0.0247
2025-05-21 00:00:00+05:30,29.15977430555556,109.98211805555556,40.38923611111111,32.82083333333333,54.708333333333336,987.3666666666668,0.0041666666666666,-13.591409637112848,-0.0843227725678295,0.0015256074008771,0.4999999999999998,-0.8660254037844387,1.02341781942473,126.33,97.16,0.1121,0.0247
2025-05-22 00:00:00+05:30,28.352430555555557,58.572916666666664,27.681076388888886,29.816666666666663,64.29166666666667,988.2125,0.0,-9.68029308254715,-0.5919640081171921,0.0018411371317176,0.4999999999999998,-0.8660254037844387,0.2667690873369912,126.33,97.16,0.1121,0.0247
2025-05-23 00:00:00+05:30,20.587118055555557,96.50694444444444,48.62638888888889,30.9875,60.583333333333336,986.3458333333332,0.0,-9.738577687176228,0.0776091714316019,0.0020093301307486,0.4999999999999998,-0.8660254037844387,0.3057811503121465,126.33,97.16,0.1121,0.0247
2025-05-24 00:00:00+05:30,21.3928125,103.525,52.68958333333333,30.708333333333332,62.166666666666664,987.0541666666668,0.3666666666666666,-12.591871334220707,2.459122626662137,0.0017104868338482,0.4999999999999998,-0.8660254037844387,0.0273291364775855,126.33,97.16,0.1121,0.0247
2025-05-25 00:00:00+05:30,21.609027777777776,96.0,50.11666666666667,32.737500000000004,52.5,988.5625,0.0,-10.458541469940174,1.8632512293443697,0.001795414579918,0.4999999999999998,-0.8660254037844387,-0.3164107522787097,126.33,97.16,0.1121,0.0247
2025-05-26 00:00:00+05:30,20.79111111111111,95.19166666666666,39.09583333333333,33.1,53.625,986.8416666666668,0.0124999999999999,-9.60914264998769,-3.872930814774133,0.0015641264967388,0.4999999999999998,-0.8660254037844387,-0.7515705406892127,126.33,97.16,0.1121,0.0247
2025-05-27 00:00:00+05:30,20.653836805555553,82.03767361111112,28.90590277777778,32.858333333333334,55.875,984.7666666666668,0.0,-10.746269125111771,-1.1971617362815583,0.0012881629529734,0.4999999999999998,-0.8660254037844387,-0.4856227258990293,126.33,97.16,0.1121,0.0247
2025-05-28 00:00:00+05:30,23.11529761904762,89.20892857142857,32.455357142857146,33.854166666666664,52.416666666666664,983.1333333333332,0.0124999999999999,-7.071997679670546,-1.5819982312333325,0.0023293825347974,0.4999999999999998,-0.8660254037844387,0.5126983688163415,126.33,97.16,0.1121,0.0247
2025-05-29 00:00:00+05:30,24.66170138888889,73.85555555555555,28.743402777777774,33.9125,53.166666666666664,981.225,0.1625,-5.590211287153733,-3.367231142320296,0.0034728455700563,0.4999999999999998,-0.8660254037844387,-0.2592959188802989,126.33,97.16,0.1121,0.0247
2025-05-30 00:00:00+05:30,25.127291666666665,97.14479166666666,38.50347222222222,33.449999999999996,56.0,980.3666666666668,0.0041666666666666,1.153066549201398,0.3263367621988983,0.0044054225530882,0.4999999999999998,-0.8660254037844387,-0.2535573890592226,126.33,97.16,0.1121,0.0247
2025-05-31 00:00:00+05:30,25.106597222222224,158.07534722222223,72.91666666666667,34.545833333333334,45.5,982.7083333333334,0.0,4.893906954516322,-0.051295949339481,0.0107843311093383,0.4999999999999998,-0.8660254037844387,0.8873159688075571,126.33,97.16,0.1121,0.0247
2025-06-01 00:00:00+05:30,25.206215277777776,176.30347222222224,71.92309027777777,34.579166666666666,36.916666666666664,983.475,0.0,9.883893209240345,-2.8939891372895734,0.0027965653369522,1.2246467991473532e-16,-1.0,1.5275222396668264,126.33,97.16,0.1121,0.0247
2025-06-02 00:00:00+05:30,20.418958333333332,179.99479166666666,74.66111111111111,33.4625,38.208333333333336,984.1458333333334,0.0041666666666666,4.773890296809824,-1.8919953755007368,0.0091226620569263,1.2246467991473532e-16,-1.0,0.4595935817256774,126.33,97.16,0.1121,0.0247
2025-06-03 00:00:00+05:30,32.28158333333333,151.8961111111111,65.52611111111112,31.075,45.791666666666664,986.2833333333332,0.0166666666666666,1.8276023985437897,1.8877104718779156,0.0041645275785277,1.2246467991473532e-16,-1.0,-0.2015644212748714,126.33,97.16,0.1121,0.0247
2025-06-04 00:00:00+05:30,29.820729166666663,125.69791666666669,57.175,30.9375,53.958333333333336,988.7166666666668,0.0,1.8042435262744736,-1.7044878514464403,0.0143976155655348,1.2246467991473532e-16,-1.0,0.2497641475916072,126.33,97.16,0.1121,0.0247
2025-06-05 00:00:00+05:30,28.730138888888888,127.07291666666669,64.67951388888889,30.816666666666663,53.416666666666664,991.5333333333332,0.0,0.7232626372140154,-4.089141457720774,0.0074085406343521,1.2246467991473532e-16,-1.0,0.6323390780899218,126.33,97.16,0.1121,0.0247
2025-06-06 00:00:00+05:30,31.64059027777778,130.70347222222222,63.49444444444445,32.608333333333334,45.208333333333336,990.9083333333332,0.0,1.275677160307365,-3.903401831659551,0.0089734983320756,1.2246467991473532e-16,-1.0,-0.3628971650592221,126.33,97.16,0.1121,0.0247
2025-06-07 00:00:00+05:30,30.223680555555557,165.96770833333332,90.38194444444444,34.49583333333333,37.625,989.1041666666666,0.0,-2.630471156189357,-0.0442787529219161,0.0073119943841882,1.2246467991473532e-16,-1.0,0.2541836641093127,126.33,97.16,0.1121,0.0247
2025-06-08 00:00:00+05:30,31.068645833333335,170.92465277777777,89.67465277777778,35.90833333333333,36.541666666666664,987.3083333333334,0.0,-3.3773331981132024,-1.2728836334509543,0.0048483260462413,1.2246467991473532e-16,-1.0,0.486562866724181,126.33,97.16,0.1121,0.0247
2025-06-09 00:00:00+05:30,29.901180555555555,188.4027777777778,91.8965277777778,36.895833333333336,37.125,985.5666666666666,0.0041666666666666,-4.486933674934654,-1.0279532081460752,0.003174944687586,1.2246467991473532e-16,-1.0,0.4051785002105536,126.33,97.16,0.1121,0.0247
2025-06-10 00:00:00+05:30,29.946180555555557,184.58819444444444,86.93958333333335,37.55416666666667,38.041666666666664,984.7875,0.0,-8.011091327768268,-0.0570011739662826,0.0023582324402053,1.2246467991473532e-16,-1.0,0.2009005674289505,126.33,97.16,0.1121,0.0247
2025-06-11 00:00:00+05:30,32.795,175.71944444444443,80.05104166666666,37.13333333333333,42.375,985.6375,0.0041666666666666,-8.451079246310305,-1.7676168214160255,0.0018932767440011,1.2246467991473532e-16,-1.0,-0.4164009381621076,126.33,97.16,0.1121,0.0247
2025-06-12 00:00:00+05:30,21.972013888888892,140.6498263888889,80.28663194444444,35.604166666666664,49.791666666666664,985.8208333333332,0.1083333333333333,-9.883001448179233,1.3026187537015692,0.001979463408077,1.2246467991473532e-16,-1.0,-0.1359066383281387,126.33,97.16,0.1121,0.0247
2025-06-13 00:00:00+05:30,19.151875,127.95277777777778,64.08854166666667,36.1875,49.791666666666664,986.2333333333332,0.0,-9.586486248088733,0.6172041735136863,0.0014743184616335,1.2246467991473532e-16,-1.0,1.1033142062646106,126.33,97.16,0.1121,0.0247
2025-06-14 00:00:00+05:30,24.525964912280703,101.705,52.299358974358974,37.09583333333333,47.291666666666664,984.2666666666668,0.0083333333333333,-6.115198629786117,-0.1410653510499195,0.001955444541684,1.2246467991473532e-16,-1.0,0.0442687371473898,126.33,97.16,0.1121,0.0247
2025-06-16 00:00:00+05:30,26.696346153846154,52.25961538461539,41.286538461538456,31.941666666666663,69.29166666666667,983.75,0.4541666666666666,-9.574398223514558,0.0564231556063711,0.0020371728623133,1.2246467991473532e-16,-1.0,-1.3870718810732263,126.33,97.16,0.1121,0.0247
2025-06-17 00:00:00+05:30,25.805972222222223,101.56104166666668,38.35666666666667,30.795833333333334,75.58333333333333,984.4083333333332,0.6833333333333332,-6.596608205377074,1.490729037801268,0.002842288812684,1.2246467991473532e-16,-1.0,-0.8820516801146938,126.33,97.16,0.1121,0.0247
2025-06-18 00:00:00+05:30,23.22447916666667,118.15972222222224,28.257291666666664,30.295833333333334,76.79166666666667,983.3291666666668,0.1041666666666666,0.9720582328973344,0.2350615339235295,0.0065320439373457,1.2246467991473532e-16,-1.0,-0.8973682319509836,126.33,97.16,0.1121,0.0247
2025-06-19 00:00:00+05:30,26.574791666666663,59.85798611111111,33.22534722222222,30.4125,80.29166666666667,982.2,1.3291666666666666,-3.6915840214903657,4.162254356918762,0.0048704085347979,1.2246467991473532e-16,-1.0,0.2801004377709208,126.33,97.16,0.1121,0.0247
2025-06-20 00:00:00+05:30,26.72142361111111,30.711805555555557,14.701041666666669,29.28333333333333,81.25,984.6708333333332,0.3625,-8.33400644086495,1.300087246166468,0.0024762843076069,1.2246467991473532e-16,-1.0,-0.538181821396328,126.33,97.16,0.1121,0.0247
2025-06-21 00:00:00+05:30,38.10793859649123,73.30964912280702,29.553508771929824,30.625,75.375,984.675,0.0999999999999999,-6.504911283188459,0.0414866921293314,0.0033402813149887,1.2246467991473532e-16,-1.0,-0.3457742077820822,126.33,97.16,0.1121,0.0247
2025-06-22 00:00:00+05:30,19.67421875,64.50260416666667,35.57465277777778,29.379166666666663,83.45833333333333,983.9375,0.2041666666666667,-8.130911836980909,-1.0225621282768496,0.0031289951090655,1.2246467991473532e-16,-1.0,-0.4871104812940195,126.33,97.16,0.1121,0.0247
2025-06-23 00:00:00+05:30,20.653680555555557,54.78263888888889,31.376041666666666,28.991666666666664,84.83333333333333,982.2583333333332,0.125,-7.972164089799016,2.3920491865502753,0.002742720581503,1.2246467991473532e-16,-1.0,-1.0047643623449705,126.33,97.16,0.1121,0.0247
2025-06-24 00:00:00+05:30,21.47083333333333,50.71875,35.89930555555556,30.3375,79.125,981.7958333333332,0.0375,-6.841690134903787,0.2032621861341882,0.0032644638343819,1.2246467991473532e-16,-1.0,0.127097738251828,126.33,97.16,0.1121,0.0247
2025-06-25 00:00:00+05:30,17.92875,64.42916666666666,33.79047619047619,30.416666666666668,75.70833333333333,984.5083333333332,0.0583333333333333,-12.139949415709184,2.0481098214584805,0.0016688213836938,1.2246467991473532e-16,-1.0,-0.4740575174439617,126.33,97.16,0.1121,0.0247
2025-06-26 00:00:00+05:30,18.940972222222225,56.64201388888889,14.230555555555554,30.933333333333337,72.41666666666667,985.7791666666668,0.0208333333333333,-12.43355974589585,0.8366716090386062,0.0013684296875725,1.2246467991473532e-16,-1.0,-1.0980327252067013,126.33,97.16,0.1121,0.0247
2025-06-27 00:00:00+05:30,22.872341269841268,32.42579365079365,20.815873015873017,31.025,71.625,984.9958333333334,0.0833333333333333,-8.979296175894325,1.905338235425204,0.0021231885963538,1.2246467991473532e-16,-1.0,-0.8827973970409798,126.33,97.16,0.1121,0.0247
2025-06-28 00:00:00+05:30,19.074259259259257,48.09444444444445,23.54259259259259,29.90833333333333,80.25,984.0833333333334,0.1583333333333333,-1.3934602243285028,1.8630501040595435,0.007725777378431,1.2246467991473532e-16,-1.0,-1.002710092710783,126.33,97.16,0.1121,0.0247
2025-06-29 00:00:00+05:30,18.51677536231884,36.529347826086955,17.303260869565218,28.754166666666663,86.125,982.55,0.4333333333333333,0.2984945854137567,-0.8639422026126988,0.0061760095893256,1.2246467991473532e-16,-1.0,0.3317704715549496,126.33,97.16,0.1121,0.0247
2025-06-30 00:00:00+05:30,18.576190476190476,61.00384615384615,12.95897435897436,27.541666666666668,91.66666666666669,983.2,1.6125,-1.926802659188494,0.9733947821342588,0.0068408434860685,1.2246467991473532e-16,-1.0,-0.3242251779030775,126.33,97.16,0.1121,0.0247
2025-07-01 00:00:00+05:30,17.363055555555555,33.22291666666667,10.58420138888889,28.295833333333334,86.75,983.325,0.6458333333333334,-6.013438109093602,-0.7557838221305545,0.007255007593562,-0.4999999999999998,-0.8660254037844388,-0.4392690200788695,126.33,97.16,0.1121,0.0247
2025-07-02 00:00:00+05:30,18.064340277777777,58.56354166666667,19.664236111111112,29.258333333333336,82.70833333333333,983.4833333333332,0.3166666666666666,-9.59338301240764,1.0665718149069854,0.0028552432475956,-0.4999999999999998,-0.8660254037844388,-1.4511463538256983,126.33,97.16,0.1121,0.0247
2025-07-03 00:00:00+05:30,19.89579861111111,48.39409722222222,17.021180555555556,29.433333333333337,82.20833333333333,984.2416666666668,0.3916666666666666,-9.587630323100004,1.8327961161926092,0.0024002630815896,-0.4999999999999998,-0.8660254037844388,-1.232485375487797,126.33,97.16,0.1121,0.0247
2025-07-04 00:00:00+05:30,20.38738095238095,51.23730158730159,25.56984126984127,29.558333333333337,83.16666666666667,984.2041666666668,0.175,-6.5169919082470456,1.1103040025345208,0.008344701642429,-0.4999999999999998,-0.8660254037844388,-0.296352069136932,126.33,97.16,0.1121,0.0247
2025-07-05 00:00:00+05:30,18.892878787878782,45.86969696969697,21.418181818181814,29.3375,85.08333333333333,983.5125,0.1333333333333333,-4.376954518015532,1.088264227965029,0.0091524755073577,-0.4999999999999998,-0.8660254037844388,-0.1669006160969433,126.33,97.16,0.1121,0.0247
2025-07-06 00:00:00+05:30,20.133506944444445,38.21458333333333,18.177777777777777,30.0,81.41666666666667,983.3375,0.0666666666666666,-3.0163223033775424,0.2358276033878698,0.0074823319011741,-0.4999999999999998,-0.8660254037844388,-0.1599803903113733,126.33,97.16,0.1121,0.0247
2025-07-07 00:00:00+05:30,20.3278125,42.59444444444444,22.485069444444445,31.108333333333334,76.20833333333333,983.4916666666668,0.2208333333333333,-4.549844144214391,-0.4044447630482954,0.0088129193836831,-0.4999999999999998,-0.8660254037844388,1.18856105562562,126.33,97.16,0.1121,0.0247
2025-07-08 00:00:00+05:30,18.743333333333336,44.51770833333333,23.07239583333333,30.883333333333336,77.54166666666667,983.9208333333332,0.025,0.8305872047133037,-0.6215530165733745,0.008011934265921,-0.4999999999999998,-0.8660254037844388,-0.9209406663448408,126.33,97.16,0.1121,0.0247
2025-07-09 00:00:00+05:30,19.34454861111111,39.90277777777778,16.444791666666667,28.233333333333334,86.58333333333333,985.8916666666668,0.35,-0.6365415864499319,2.254282488399447,0.0151478348107947,-0.4999999999999998,-0.8660254037844388,-1.5340694718653651,126.33,97.16,0.1121,0.0247
2025-07-10 00:00:00+05:30,17.260416666666668,38.79201388888889,16.284027777777776,29.766666666666666,81.375,986.9875,0.0625,-1.6482604379135222,-1.5646897410740834,0.0086431798082751,-0.4999999999999998,-0.8660254037844388,-0.3058725958262706,126.33,97.16,0.1121,0.0247
2025-07-11 00:00:00+05:30,16.9578125,28.894097222222225,14.447222222222225,29.379166666666663,81.91666666666667,986.4958333333334,0.4583333333333333,-3.222333738071011,-1.520951175960911,0.0093948472271494,-0.4999999999999998,-0.8660254037844388,-0.0796305555298018,126.33,97.16,0.1121,0.0247
2025-07-12 00:00:00+05:30,18.5521875,29.686111111111114,19.090972222222224,28.59583333333333,85.75,986.0208333333334,1.1541666666666668,-5.223597449927513,-1.3733642543556073,0.0094759638185166,-0.4999999999999998,-0.8660254037844388,-1.377970390116545,126.33,97.16,0.1121,0.0247
2025-07-13 00:00:00+05:30,18.699895833333333,35.66215277777778,22.715972222222224,28.879166666666663,84.45833333333333,985.7583333333332,0.3083333333333333,-9.482361909086183,1.0767277446063035,0.002849895677885,-0.4999999999999998,-0.8660254037844388,-0.7928312887106526,126.33,97.16,0.1121,0.0247
2025-07-14 00:00:00+05:30,18.23111111111111,28.238715277777775,15.781770833333333,28.9875,83.04166666666667,985.775,0.1958333333333333,-8.156036517986179,4.314913314671915,0.003178905001515,-0.4999999999999998,-0.8660254037844388,-0.8886549583779777,126.33,97.16,0.1121,0.0247
2025-07-15 00:00:00+05:30,18.615,27.76854166666667,17.214166666666664,29.65,81.04166666666667,985.4458333333332,0.0083333333333333,-4.304447072743508,4.564672306481916,0.0041218750957203,-0.4999999999999998,-0.8660254037844388,0.4398122454857031,126.33,97.16,0.1121,0.0247
2025-07-16 00:00:00+05:30,20.634,35.652499999999996,13.495,28.620833333333337,83.375,986.0166666666668,0.2958333333333333,-5.813417563650145,-4.864058590973431,0.0056010977379745,-0.4999999999999998,-0.8660254037844388,-0.1103021585077364,126.33,97.16,0.1121,0.0247
2025-07-17 00:00:00+05:30,17.876458333333332,30.39861111111111,15.488194444444444,27.8,82.25,985.5916666666668,0.325,-18.848690579020957,-3.5180573319313098,0.0010623469323675,-0.4999999999999998,-0.8660254037844388,-0.1516915258495244,126.33,97.16,0.1121,0.0247
2025-07-18 00:00:00+05:30,18.88392361111111,47.96319444444444,24.34097222222222,29.066666666666663,80.625,986.8583333333332,0.1791666666666666,-6.922841051838662,10.939110989634308,0.0033630695961626,-0.4999999999999998,-0.8660254037844388,-0.637050028962906,126.33,97.16,0.1121,0.0247
2025-07-19 00:00:00+05:30,16.784305555555555,44.35277777777778,23.71493055555555,29.954166666666666,75.20833333333333,984.7916666666666,0.0,6.4544744972707875,3.3104989889921463,0.0058476312303221,-0.4999999999999998,-0.8660254037844388,-0.1546086843796277,126.33,97.16,0.1121,0.0247
2025-07-20 00:00:00+05:30,20.138159722222223,63.328472222222224,39.53715277777778,29.570833333333336,78.58333333333333,984.675,0.1583333333333333,3.1262294066098417,1.631645272400126,0.0069174483855303,-0.4999999999999998,-0.8660254037844388,-0.7767626619997899,126.33,97.16,0.1121,0.0247
2025-07-21 00:00:00+05:30,17.988506944444445,75.23993055555556,40.615625,29.733333333333334,80.5,986.2583333333332,0.0208333333333333,0.8899106403164606,0.052237713008736,0.0132134765851037,-0.4999999999999998,-0.8660254037844388,-0.0751079696015822,126.33,97.16,0.1121,0.0247
2025-07-22 00:00:00+05:30,18.8121875,57.79270833333333,37.8125,30.775,75.25,984.5625,0.025,4.2203600856474255,-0.2474834068813338,0.0100057240918292,-0.4999999999999998,-0.8660254037844388,0.2123291788136157,126.33,97.16,0.1121,0.0247
2025-07-23 00:00:00+05:30,19.976770833333333,56.58125,32.302083333333336,30.579166666666666,78.125,981.7791666666668,0.2749999999999999,5.77586795007253,-0.4995753960400447,0.0056648479644249,-0.4999999999999998,-0.8660254037844388,-0.6981647705192533,126.33,97.16,0.1121,0.0247
2025-07-24 00:00:00+05:30,25.28402777777778,42.91041666666666,24.18298611111111,31.6125,74.5,980.2875,0.0041666666666666,4.544233708560097,-0.5391604765376177,0.006775172483548,-0.4999999999999998,-0.8660254037844388,-0.7643793479908875,126.33,97.16,0.1121,0.0247
2025-07-25 00:00:00+05:30,23.803125,41.609722222222224,30.078819444444445,31.129166666666663,77.29166666666667,980.1416666666668,0.2249999999999999,0.79166731172542,0.2107812660035117,0.0046337326424646,-0.4999999999999998,-0.8660254037844388,-0.1147061197801164,126.33,97.16,0.1121,0.0247
2025-07-26 00:00:00+05:30,22.2934375,34.05833333333333,11.24375,30.016666666666666,80.66666666666667,980.825,0.2875,-10.690538258934966,-4.455135982060378,0.0026690475550415,-0.4999999999999998,-0.8660254037844388,-0.3152575081445198,126.33,97.16,0.1121,0.0247
2025-07-27 00:00:00+05:30,22.728680555555556,38.726909722222224,21.676909722222224,30.175,76.375,981.1,0.0458333333333333,-11.680664986027937,2.6832863005912873,0.0018041473369347,-0.4999999999999998,-0.8660254037844388,-0.6796050476948196,126.33,97.16,0.1121,0.0247
2025-07-28 00:00:00+05:30,21.049965277777776,31.0,15.634722222222225,28.545833333333334,87.16666666666667,982.1041666666666,0.2541666666666667,-4.272463166159983,3.2655315885290332,0.0045723992031193,-0.4999999999999998,-0.8660254037844388,-0.7503883309170393,126.33,97.16,0.1121,0.0247
2025-07-29 00:00:00+05:30,25.85972222222222,49.896701388888886,12.013368055555556,27.891666666666666,90.20833333333331,982.9416666666666,0.2833333333333333,-8.188181782936866,-0.0690507315838501,0.003210169667288,-0.4999999999999998,-0.8660254037844388,-1.1348174757710123,126.33,97.16,0.1121,0.0247
2025-07-30 00:00:00+05:30,21.39621527777778,28.558333333333337,18.63454861111111,27.854166666666668,90.375,983.4625,1.0375,-10.895870539688422,0.9703323809648866,0.0024048381847581,-0.4999999999999998,-0.8660254037844388,-1.530928243831357,126.33,97.16,0.1121,0.0247
2025-07-31 00:00:00+05:30,21.61253472222222,43.871180555555554,25.59201388888889,28.2875,88.375,984.1125,0.2791666666666667,-8.565790114527715,2.774642180822262,0.0038401422804133,-0.4999999999999998,-0.8660254037844388,-0.3021633123214272,126.33,97.16,0.1121,0.0247
2025-08-01 00:00:00+05:30,20.65877450980392,35.655392156862746,20.88823529411765,28.608333333333334,87.54166666666667,985.0541666666668,0.3083333333333333,2.0435852948549087,3.114567443546369,0.0062961266100467,-0.8660254037844384,-0.5000000000000004,-0.0612853152340867,126.33,97.16,0.1121,0.0247
2025-08-02 00:00:00+05:30,22.212847222222223,40.46111111111111,26.206597222222225,28.429166666666664,88.83333333333333,985.7541666666666,0.6375000000000001,5.395190474828119,0.9052878601533324,0.0053840286129852,-0.8660254037844384,-0.5000000000000004,-0.8522552180225454,126.33,97.16,0.1121,0.0247
2025-08-03 00:00:00+05:30,20.859375,31.282118055555557,20.532291666666666,27.041666666666668,95.33333333333331,987.6375,1.7000000000000002,4.471983525606434,1.7222551441393126,0.0124446203756721,-0.8660254037844384,-0.5000000000000004,-0.7167744220379474,126.33,97.16,0.1121,0.0247
2025-08-04 00:00:00+05:30,22.36107638888889,26.46909722222222,13.267013888888888,26.53333333333333,92.875,988.6916666666666,2.783333333333333,9.376764740572415,5.473560148207106,0.0024776257491763,-0.8660254037844384,-0.5000000000000004,-0.8290229965585965,126.33,97.16,0.1121,0.0247
2025-08-05 00:00:00+05:30,22.7909375,23.928645833333334,15.349479166666669,27.09583333333333,90.0,989.5041666666666,0.2791666666666667,5.306919651031988,4.447921375685944,0.0049317818078328,-0.8660254037844384,-0.5000000000000004,-0.8041535090362375,126.33,97.16,0.1121,0.0247
2025-08-06 00:00:00+05:30,20.468576388888888,47.026388888888896,19.852777777777774,27.633333333333336,88.83333333333333,989.3833333333332,0.7875,4.696528986361821,3.1329774216189006,0.0059910780202735,-0.8660254037844384,-0.5000000000000004,-0.1078341664266285,126.33,97.16,0.1121,0.0247
2025-08-07 00:00:00+05:30,22.50006944444445,53.65486111111111,18.44097222222222,28.975,84.125,987.3458333333332,0.5083333333333334,7.77177008699064,1.9530337101319704,0.0053675913601438,-0.8660254037844384,-0.5000000000000004,-0.4218004680178365,126.33,97.16,0.1121,0.0247
2025-08-08 00:00:00+05:30,22.38013888888889,43.14930555555555,19.455208333333335,27.420833333333334,91.5,988.5708333333332,0.9208333333333334,2.600593119003476,1.0364770037986393,0.0083599057795502,-0.8660254037844384,-0.5000000000000004,-0.3731131133460237,126.33,97.16,0.1121,0.0247
2025-08-09 00:00:00+05:30,22.81239583333333,40.80381944444444,24.10625,28.34583333333333,85.08333333333333,990.3958333333334,0.0875,1.1883908676519104,6.086927064313912,0.0046667434591344,-0.8660254037844384,-0.5000000000000004,-1.461787650053801,126.33,97.16,0.1121,0.0247
2025-08-10 00:00:00+05:30,21.8471875,48.86180555555555,28.288541666666664,28.7875,85.79166666666667,989.1708333333332,0.1375,3.1470628606321474,5.841183916626378,0.0044968016713765,-0.8660254037844384,-0.5000000000000004,-0.248619386193906,126.33,97.16,0.1121,0.0247
2025-08-11 00:00:00+05:30,23.055000000000003,38.437152777777776,21.539236111111112,28.045833333333334,91.16666666666669,988.0,0.4958333333333333,5.188509766957637,0.6246381609118902,0.004425423403939,-0.8660254037844384,-0.5000000000000004,-0.2565687492500574,126.33,97.16,0.1121,0.0247
2025-08-12 00:00:00+05:30,23.204652777777778,40.85295138888889,31.19704861111111,29.433333333333337,84.5,986.7791666666668,0.1583333333333333,6.94656174890322,-2.5657303505758615,0.0035867747801714,-0.8660254037844384,-0.5000000000000004,-0.5943462346425579,126.33,97.16,0.1121,0.0247
2025-08-13 00:00:00+05:30,21.24274305555555,65.93333333333332,36.67118055555556,29.03333333333333,86.33333333333333,987.0166666666668,0.5291666666666667,0.8073686109881374,1.1414665632733116,0.0062850090892644,-0.8660254037844384,-0.5000000000000004,-1.1765520705979364,126.33,97.16,0.1121,0.0247
2025-08-14 00:00:00+05:30,21.50159722222222,30.194444444444443,21.150868055555556,28.5125,85.91666666666667,989.5125,0.4583333333333333,-9.073132193470094,0.7224541742704123,0.0036308903231852,-0.8660254037844384,-0.5000000000000004,-1.4568124803668565,126.33,97.16,0.1121,0.0247
2025-08-15 00:00:00+05:30,23.50923611111111,50.29375,25.39270833333333,29.6875,79.58333333333333,987.5625,0.0,-6.34612223424903,-1.3302890874742228,0.0042503419148275,-0.8660254037844384,-0.5000000000000004,-0.5380941397840443,126.33,97.16,0.1121,0.0247
2025-08-16 00:00:00+05:30,22.71670138888889,45.04479166666667,26.63454861111111,30.054166666666664,80.16666666666667,986.4333333333334,0.0125,-8.268816924624293,-0.8095631974817873,0.003331880306565,-0.8660254037844384,-0.5000000000000004,-0.2318296623273254,126.33,97.16,0.1121,0.0247
2025-08-17 00:00:00+05:30,23.963923611111113,49.01597222222222,32.74947916666667,29.579166666666666,83.5,987.5958333333332,0.2041666666666667,-9.555601195586693,-0.3597550617707605,0.0026539531313104,-0.8660254037844384,-0.5000000000000004,-0.222176685894343,126.33,97.16,0.1121,0.0247
2025-08-18 00:00:00+05:30,26.94395833333333,34.03177083333333,17.441145833333334,29.320833333333336,82.58333333333333,988.9666666666668,0.0666666666666666,-10.504787408840247,-1.2617737073553787,0.0018630509804644,-0.8660254037844384,-0.5000000000000004,-0.3322478191408811,126.33,97.16,0.1121,0.0247
2025-08-19 00:00:00+05:30,38.765208333333334,28.520833333333332,15.507291666666667,29.645833333333332,79.95833333333333,987.3666666666668,0.0291666666666666,-11.401806777350073,-0.8386718856593908,0.0016223705611684,-0.8660254037844384,-0.5000000000000004,-1.0016877488934914,126.33,97.16,0.1121,0.0247
2025-08-20 00:00:00+05:30,25.32579861111111,34.02013888888889,20.33923611111111,29.1875,80.04166666666667,986.9958333333334,0.2166666666666666,-13.446931747191018,-0.3102189328620622,0.0014368659514836,-0.8660254037844384,-0.5000000000000004,-0.8430374972403792,126.33,97.16,0.1121,0.0247
2025-08-21 00:00:00+05:30,24.8534375,37.8828125,19.2734375,29.0,82.29166666666667,987.1791666666668,0.2208333333333333,-8.48095354211429,3.117592252587311,0.003745148044265,-0.8660254037844384,-0.5000000000000004,-0.8457515600172268,126.33,97.16,0.1121,0.0247
2025-08-22 00:00:00+05:30,25.853923611111114,44.995138888888896,19.338194444444444,28.116666666666664,85.875,985.6,0.2791666666666667,-5.164599444028718,3.0699481478471182,0.0034866693096553,-0.8660254037844384,-0.5000000000000004,-0.3724994634206869,126.33,97.16,0.1121,0.0247
2025-08-23 00:00:00+05:30,24.59840277777778,34.42847222222222,13.938888888888888,28.083333333333332,85.58333333333333,984.7833333333332,0.0291666666666666,-10.260360437557468,2.915895516180066,0.0026462471102544,-0.8660254037844384,-0.5000000000000004,-0.5140837755223945,126.33,97.16,0.1121,0.0247
2025-08-24 00:00:00+05:30,24.21666666666667,30.489583333333332,12.52777777777778,27.995833333333337,84.79166666666667,985.2791666666668,0.2041666666666667,-13.657442091773072,0.2009371132146775,0.0014703665697382,-0.8660254037844384,-0.5000000000000004,-1.2874589279442614,126.33,97.16,0.1121,0.0247
2025-08-25 00:00:00+05:30,24.750625,29.610416666666666,14.765625,27.325,88.29166666666667,986.3125,0.3416666666666666,-12.582835089114068,5.939649125177386,0.0021090360893266,-0.8660254037844384,-0.5000000000000004,-1.38771447325726,126.33,97.16,0.1121,0.0247
2025-08-26 00:00:00+05:30,26.759722222222223,29.659895833333337,15.60625,28.75,86.375,988.8791666666666,0.1208333333333333,-7.90430331750214,2.9439892995342665,0.0040143888218926,-0.8660254037844384,-0.5000000000000004,-1.2355010396205517,126.33,97.16,0.1121,0.0247
2025-08-27 00:00:00+05:30,25.008993055555553,47.80138888888889,29.585069444444443,29.620833333333337,81.54166666666667,987.8375,0.0375,-5.748613054281511,1.1340045153706224,0.0055491524044999,-0.8660254037844384,-0.5000000000000004,0.0377506487192125,126.33,97.16,0.1121,0.0247
2025-08-28 00:00:00+05:30,25.81423611111111,57.90694444444444,37.34201388888889,29.375,84.08333333333333,987.4916666666668,0.0499999999999999,-9.049885114615313,0.2295789291934985,0.0026411612570503,-0.8660254037844384,-0.5000000000000004,-0.5335795648362371,126.33,97.16,0.1121,0.0247
2025-08-29 00:00:00+05:30,25.31753472222222,40.58819444444445,25.922916666666666,29.179166666666664,83.33333333333333,988.625,0.0458333333333333,-11.40777970723987,-0.0816956924470355,0.0018796409135678,-0.8660254037844384,-0.5000000000000004,-1.0543342770367392,126.33,97.16,0.1121,0.0247
2025-08-30 00:00:00+05:30,25.343611111111112,40.415104166666666,28.926041666666663,28.770833333333332,84.0,990.0541666666668,0.0833333333333333,-10.162728196467429,1.5791513166647604,0.0022532180089627,-0.8660254037844384,-0.5000000000000004,-1.1059530769740054,126.33,97.16,0.1121,0.0247
2025-08-31 00:00:00+05:30,25.50034722222222,39.56822916666667,23.9140625,27.754166666666663,89.16666666666667,988.6875,0.9708333333333332,-8.553356851711184,2.827886399519971,0.0025745673993264,-0.8660254037844384,-0.5000000000000004,-1.3146288799568948,126.33,97.16,0.1121,0.0247
2025-09-01 00:00:00+05:30,23.0428125,32.161184210526315,11.113157894736842,27.475,89.91666666666667,986.5,0.65,-8.959583364775478,3.932755485260615,0.0029213386832383,-1.0,-1.8369701987210294e-16,0.3429311786270548,126.33,97.16,0.1121,0.0247
2025-09-02 00:00:00+05:30,24.090138888888887,31.23157894736842,12.53815789473684,27.1875,90.0,987.2875,0.2875,-4.836929763307058,2.8309876286114792,0.0041184723951964,-1.0,-1.8369701987210294e-16,-0.6776293351192307,126.33,97.16,0.1121,0.0247
2025-09-03 00:00:00+05:30,25.6509375,42.82395833333334,15.001215277777776,28.704166666666666,84.25,988.1416666666668,0.0625,-9.952795760479397,-1.517085470962403,0.0022242989482453,-1.0,-1.8369701987210294e-16,-0.3399033653316928,126.33,97.16,0.1121,0.0247
2025-09-04 00:00:00+05:30,25.732708333333335,50.092013888888886,14.309722222222222,28.895833333333332,79.29166666666667,987.9041666666668,0.3,-15.457092553141631,-1.5495304490092845,0.0013755042450866,-1.0,-1.8369701987210294e-16,-1.03689892930179,126.33,97.16,0.1121,0.0247
2025-09-05 00:00:00+05:30,27.435659722222223,35.244791666666664,13.703819444444443,28.566666666666663,81.79166666666667,989.2208333333332,0.0625,-12.46008814905774,3.868131513746304,0.0019005019332325,-1.0,-1.8369701987210294e-16,-1.6973101847650325,126.33,97.16,0.1121,0.0247
2025-09-06 00:00:00+05:30,26.75232638888889,72.96006944444444,18.114583333333332,28.954166666666666,83.75,990.5791666666668,0.0208333333333333,-8.372799267918497,2.2685390390553364,0.0031977081044006,-1.0,-1.8369701987210294e-16,-0.1068739874806607,126.33,97.16,0.1121,0.0247
2025-09-07 00:00:00+05:30,25.565034722222222,40.42638888888889,16.728993055555556,29.254166666666663,83.625,990.0625,0.3625,-2.466284105967473,3.042639769291537,0.0129586866320627,-1.0,-1.8369701987210294e-16,-0.4097094392985694,126.33,97.16,0.1121,0.0247
2025-09-08 00:00:00+05:30,26.92226851851852,40.89537037037037,19.542708333333337,28.979166666666668,82.83333333333333,990.5625,0.0999999999999999,1.8282088385760151,0.3602218450222552,0.0129680497004549,-1.0,-1.8369701987210294e-16,-0.6456075362326936,126.33,97.16,0.1121,0.0247
2025-09-09 00:00:00+05:30,25.75024305555556,31.030381944444443,16.771180555555556,29.520833333333332,81.58333333333333,991.4333333333334,0.0375,5.363278486073408,0.1179679907227695,0.0087747793343909,-1.0,-1.8369701987210294e-16,-1.1561992719112368,126.33,97.16,0.1121,0.0247
2025-09-10 00:00:00+05:30,24.875208333333333,34.13472222222222,22.927083333333332,30.891666666666666,70.16666666666667,990.0583333333334,0.0083333333333333,11.11194943938182,-0.8100826097450452,0.0026008612157036,-1.0,-1.8369701987210294e-16,-1.3950141344472835,126.33,97.16,0.1121,0.0247
2025-09-11 00:00:00+05:30,23.460416666666664,61.77256944444445,29.46701388888889,30.5375,66.41666666666667,990.2416666666668,0.0,10.557840385584567,-0.702112284757949,0.0023545919670961,-1.0,-1.8369701987210294e-16,-1.5160698427640087,126.33,97.16,0.1121,0.0247
2025-09-12 00:00:00+05:30,23.127534722222222,82.57222222222222,33.74513888888889,30.55,68.45833333333333,991.5208333333334,0.0666666666666666,5.443747176342982,-3.663899932000828,0.006708343288936,-1.0,-1.8369701987210294e-16,-0.0178011910361014,126.33,97.16,0.1121,0.0247
2025-09-13 00:00:00+05:30,25.3559375,71.36111111111111,33.96753472222222,31.179166666666664,67.16666666666667,991.8666666666668,0.0375,3.426720523458561,-1.0711202918500378,0.0098269835590722,-1.0,-1.8369701987210294e-16,0.255863350652608,126.33,97.16,0.1121,0.0247
2025-09-14 00:00:00+05:30,25.948159722222226,66.76701388888888,33.718402777777776,30.979166666666668,69.83333333333333,991.3416666666668,0.0708333333333333,0.0992521677902437,-0.4598665149301844,0.0066469157272669,-1.0,-1.8369701987210294e-16,-0.9804248851288196,126.33,97.16,0.1121,0.0247
2025-09-15 00:00:00+05:30,26.23055555555555,42.937847222222224,21.034375,29.0,79.25,990.3458333333332,0.0583333333333333,-1.8469725748547077,0.974867108846785,0.0038683254057097,-1.0,-1.8369701987210294e-16,-1.4664867314522654,126.33,97.16,0.1121,0.0247
2025-09-16 00:00:00+05:30,23.44128472222222,28.938888888888886,18.28611111111111,27.34583333333333,86.20833333333333,990.4958333333334,0.425,-1.2205594872515346,-1.6324222675022044,0.0105233117721642,-1.0,-1.8369701987210294e-16,-1.3584380954985718,126.33,97.16,0.1121,0.0247
2025-09-17 00:00:00+05:30,23.704965277777777,26.95208333333333,18.358958333333337,27.1875,87.41666666666667,990.5541666666668,0.1708333333333333,-0.2439151853643058,-0.2376039031814529,0.0075245888581752,-1.0,-1.8369701987210294e-16,0.5026988971394778,126.33,97.16,0.1121,0.0247
2025-09-18 00:00:00+05:30,23.612083333333334,36.125,21.17368421052632,26.40416666666667,92.20833333333331,990.75,0.5541666666666667,-2.3558600066577458,1.5255952865002975,0.0082946977463583,-1.0,-1.8369701987210294e-16,-0.0566127302159388,126.33,97.16,0.1121,0.0247
2025-09-19 00:00:00+05:30,23.553628472222226,36.19409722222222,21.84583333333333,27.1625,89.25,991.1416666666668,0.3999999999999999,-0.61816036960803,0.4838929418962572,0.0073428101519126,-1.0,-1.8369701987210294e-16,-1.2126415000687945,126.33,97.16,0.1121,0.0247
2025-09-20 00:00:00+05:30,24.283888888888885,43.6953125,26.866666666666664,28.566666666666663,84.54166666666667,990.2791666666668,0.0541666666666666,1.6447474660311114,0.3385345042042614,0.0144250842893578,-1.0,-1.8369701987210294e-16,-1.2509811410909466,126.33,97.16,0.1121,0.0247
2025-09-21 00:00:00+05:30,22.957291666666663,88.52447916666667,49.64184027777778,29.1625,77.70833333333333,989.4916666666668,0.0041666666666666,6.033174467466303,-1.6765022035451198,0.0103434498760947,-1.0,-1.8369701987210294e-16,-0.2769945483902232,126.33,97.16,0.1121,0.0247
2025-09-22 00:00:00+05:30,25.95923611111111,86.7326388888889,49.21753472222222,29.358333333333334,77.54166666666667,989.7375,0.0333333333333333,5.636567409840912,-2.5922080663031757,0.0087550173006104,-1.0,-1.8369701987210294e-16,0.7662219542585199,126.33,97.16,0.1121,0.0247
2025-09-23 00:00:00+05:30,27.372430555555557,141.98245614035088,59.5530701754386,29.833333333333332,76.625,989.0583333333334,0.0,3.4346037801129614,-1.5053024793715477,0.0105471328583149,-1.0,-1.8369701987210294e-16,0.004482794708306,126.33,97.16,0.1121,0.0247
2025-09-24 00:00:00+05:30,25.32607638888889,119.13802083333331,66.87777777777778,30.679166666666664,73.75,987.4375,0.0,1.669783008204294,-2.596240698242406,0.0153751905452693,-1.0,-1.8369701987210294e-16,-0.1337971303801044,126.33,97.16,0.1121,0.0247
2025-09-25 00:00:00+05:30,22.90017361111111,92.03145833333332,47.51020833333333,30.47083333333333,75.04166666666667,988.575,0.0541666666666666,-0.6946542604515674,0.1350161451843399,0.0220803730361676,-1.0,-1.8369701987210294e-16,-1.019927027817309,126.33,97.16,0.1121,0.0247
2025-09-26 00:00:00+05:30,23.55185763888889,118.82378472222224,40.84652777777777,32.65416666666666,63.833333333333336,989.5208333333334,0.0,-0.7010616034983014,-3.313436548514979,0.0169148046376839,-1.0,-1.8369701987210294e-16,-0.6319725657078746,126.33,97.16,0.1121,0.0247
2025-09-27 00:00:00+05:30,25.26225,78.75416666666666,23.72833333333333,31.1125,70.83333333333333,991.5666666666666,0.0458333333333333,-9.860484010026196,-2.4563996691469145,0.003788683854911,-1.0,-1.8369701987210294e-16,-0.6410470849081537,126.33,97.16,0.1121,0.0247
2025-09-28 00:00:00+05:30,30.00051282051282,54.016025641025635,27.73044871794872,31.079166666666666,67.91666666666667,991.4833333333332,0.0083333333333333,-12.726279921812406,1.498061283938353,0.003075324476488,-1.0,-1.8369701987210294e-16,0.1459067564749234,126.33,97.16,0.1121,0.0247
2025-09-29 00:00:00+05:30,26.579409722222223,62.373437499999994,36.084895833333334,30.5875,71.29166666666667,990.2083333333334,0.0416666666666666,-4.952211538326076,2.7378127270586474,0.0103005152622995,-1.0,-1.8369701987210294e-16,-0.4940268531364077,126.33,97.16,0.1121,0.0247
2025-09-30 00:00:00+05:30,26.608506944444443,75.54861111111111,40.0796875,30.775,70.66666666666667,988.325,0.0333333333333333,1.9900701072380056,2.2054585596380076,0.0122752513311163,-1.0,-1.8369701987210294e-16,-0.7687440067637427,126.33,97.16,0.1121,0.0247
2025-10-01 00:00:00+05:30,26.7246875,66.53854166666666,32.052083333333336,28.995833333333337,73.375,988.9041666666668,0.7666666666666666,1.995270016906317,-1.0198600446438832,0.0119910379951926,-0.8660254037844387,0.5000000000000001,-0.9775270576792584,126.33,97.16,0.1121,0.0247
2025-10-02 00:00:00+05:30,27.362013888888885,47.82586805555555,21.443402777777777,27.366666666666664,81.54166666666667,992.85,0.0375,-6.405810457820297,0.277755355922977,0.0083203002272682,-0.8660254037844387,0.5000000000000001,-0.9079057178476572,126.33,97.16,0.1121,0.0247
2025-10-03 00:00:00+05:30,27.26194444444444,59.78194444444444,22.638541666666665,27.358333333333334,80.875,994.4666666666668,0.3083333333333333,-8.261041915137541,-3.704670645917455,0.0017825587730985,-0.8660254037844387,0.5000000000000001,0.6490814364175322,126.33,97.16,0.1121,0.0247
2025-10-04 00:00:00+05:30,27.89798611111111,33.59670138888889,19.063888888888886,28.34166666666667,75.83333333333333,992.2208333333332,0.0,2.196600394136571,-2.808792295488819,0.0031355311673162,-0.8660254037844387,0.5000000000000001,0.0887396472283093,126.33,97.16,0.1121,0.0247
2025-10-05 00:00:00+05:30,27.68638888888889,55.65694444444444,30.482986111111114,29.383333333333336,68.625,992.025,0.0083333333333333,8.574643500807188,0.8249734028107646,0.0077624522204401,-0.8660254037844387,0.5000000000000001,-0.3911817088333314,126.33,97.16,0.1121,0.0247
2025-10-06 00:00:00+05:30,32.52173611111111,103.9436403508772,64.0140350877193,28.9,66.54166666666667,994.0625,0.0583333333333333,0.6923662397916077,-1.1811250362241137,0.0098583232433848,-0.8660254037844387,0.5000000000000001,-0.8496298499315483,126.33,97.16,0.1121,0.0247
2025-10-07 00:00:00+05:30,31.946319444444445,78.27951388888889,31.922569444444445,26.8,78.0,994.7458333333334,0.0208333333333333,1.3445809659010124,1.4403651722721602,0.0173459737606962,-0.8660254037844387,0.5000000000000001,-0.8153578409809276,126.33,97.16,0.1121,0.0247
2025-10-08 00:00:00+05:30,26.501527777777778,96.89583333333331,39.32361111111111,26.316666666666663,75.75,995.7083333333334,0.1333333333333333,4.230876098019635,0.1471053527062361,0.0117759284672879,-0.8660254037844387,0.5000000000000001,0.3490641403128741,126.33,97.16,0.1121,0.0247
2025-10-09 00:00:00+05:30,24.89263888888889,129.85625000000002,50.61631944444445,27.254166666666663,64.04166666666667,997.1833333333334,0.0,7.839263922290724,-2.0588423217939247,0.0042239125214112,-0.8660254037844387,0.5000000000000001,0.3878457355022578,126.33,97.16,0.1121,0.0247
2025-10-10 00:00:00+05:30,29.753020833333338,115.32777777777778,47.60277777777778,26.675,57.208333333333336,996.6833333333334,0.0,7.862740404272095,-0.5226288735347574,0.0058496712928628,-0.8660254037844387,0.5000000000000001,-0.0383833455678401,126.33,97.16,0.1121,0.0247
2025-10-11 00:00:00+05:30,27.8640625,101.00277777777778,49.263888888888886,26.504166666666663,49.5,996.5958333333332,0.0,7.996915977385022,-0.3553081246345959,0.0051785347981556,-0.8660254037844387,0.5000000000000001,-0.6288985473311982,126.33,97.16,0.1121,0.0247
2025-10-12 00:00:00+05:30,28.940590277777776,113.93090277777776,41.05625,26.454166666666666,50.75,996.3875,0.0,5.257523349733977,0.2520045593774546,0.0170299692528279,-0.8660254037844387,0.5000000000000001,-0.1919841384585535,126.33,97.16,0.1121,0.0247
2025-10-13 00:00:00+05:30,29.262881944444445,126.93819444444443,64.99756944444444,26.233333333333334,49.708333333333336,997.3,0.0,3.30872983957889,1.089910668727906,0.0211588165231663,-0.8660254037844387,0.5000000000000001,0.3426059575708472,126.33,97.16,0.1121,0.0247
2025-10-14 00:00:00+05:30,30.121388888888887,126.70590277777778,65.24062500000001,26.608333333333334,52.125,996.3416666666668,0.0,2.4597702837407387,1.637478587008161,0.0243497710232367,-0.8660254037844387,0.5000000000000001,-0.0653037490676497,126.33,97.16,0.1121,0.0247
2025-10-15 00:00:00+05:30,30.800451388888888,172.61666666666667,84.37256944444444,26.358333333333334,57.75,996.0916666666668,0.0,4.517900489762231,-0.4358340612487401,0.0136376438246351,-0.8660254037844387,0.5000000000000001,-0.1971986208234391,126.33,97.16,0.1121,0.0247
2025-10-16 00:00:00+05:30,30.75142361111111,178.69340277777778,76.98142361111111,26.97083333333333,54.541666666666664,996.0125,0.0,5.507167195365081,-1.423070136265345,0.0111150210770375,-0.8660254037844387,0.5000000000000001,-0.2156682004078304,126.33,97.16,0.1121,0.0247
2025-10-17 00:00:00+05:30,32.21472222222222,115.45607638888887,39.71111111111112,27.4125,54.333333333333336,997.1625,0.0,3.8853892828287697,0.3537531199012162,0.0119182620224365,-0.8660254037844387,0.5000000000000001,-0.1097328463422736,126.33,97.16,0.1121,0.0247
2025-10-18 00:00:00+05:30,32.34979166666667,122.82152777777776,72.02100694444444,27.745833333333337,58.25,996.7083333333334,0.0,0.8101588190504198,-0.0373209687897705,0.0115174231868312,-0.8660254037844387,0.5000000000000001,0.4042824632482855,126.33,97.16,0.1121,0.0247
2025-10-19 00:00:00+05:30,32.8496875,191.5276041666667,81.59427083333334,27.866666666666664,63.666666666666664,996.0875,0.0,-2.119676952208311,0.5268832874389321,0.0202722889130876,-0.8660254037844387,0.5000000000000001,0.216043140454162,126.33,97.16,0.1121,0.0247
2025-10-20 00:00:00+05:30,32.480000000000004,351.15708333333333,125.85625,27.354166666666668,66.54166666666667,996.5708333333332,0.0,-0.8459640489474904,2.647686181333864,0.0297474120357049,-0.8660254037844387,0.5000000000000001,-0.3121059620774099,126.33,97.16,0.1121,0.0247
2025-10-21 00:00:00+05:30,32.36145833333333,395.6571180555556,192.1081597222222,27.8375,63.583333333333336,997.7208333333332,0.0,1.791219341113715,-0.2411273639653564,0.018355330425454,-0.8660254037844387,0.5000000000000001,-0.7274863402505044,126.33,97.16,0.1121,0.0247
2025-10-22 00:00:00+05:30,33.19253472222222,215.8475694444444,72.88125000000001,28.129166666666663,65.58333333333333,997.6666666666666,0.0,4.233152352177975,-1.593525143931549,0.0091007461818662,-0.8660254037844387,0.5000000000000001,-0.7835250688923018,126.33,97.16,0.1121,0.0247
2025-10-23 00:00:00+05:30,33.59010416666667,223.8048611111111,73.33958333333334,28.59166666666667,58.416666666666664,996.8875,0.0,3.50555509290873,-2.5227455232482208,0.0092955175807872,-0.8660254037844387,0.5000000000000001,-0.0585767439093903,126.33,97.16,0.1121,0.0247
2025-10-24 00:00:00+05:30,33.77739583333334,221.19722222222225,92.02309027777778,28.441666666666663,54.875,996.8125,0.0,1.2520897119730707,-5.572758055999419,0.0099926860788394,-0.8660254037844387,0.5000000000000001,0.6300231474597647,126.33,97.16,0.1121,0.0247
2025-10-25 00:00:00+05:30,33.9909375,222.81354166666665,94.0017361111111,28.229166666666668,45.5,996.6,0.0,-1.1026934555077166,-4.143668800065191,0.0077782211478762,-0.8660254037844387,0.5000000000000001,0.0897083644423011,126.33,97.16,0.1121,0.0247
2025-10-26 00:00:00+05:30,33.95522727272727,203.52954545454543,109.5818181818182,27.770833333333332,47.541666666666664,997.5083333333332,0.0,-2.4643705629990404,-3.1843482688619194,0.0068013727796181,-0.8660254037844387,0.5000000000000001,-0.3335540362816411,126.33,97.16,0.1121,0.0247
2025-10-27 00:00:00+05:30,34.30678030303031,184.3492424242424,94.6471590909091,25.4,61.25,998.1708333333332,0.0416666666666666,-1.3769373427880176,-2.1986664767776483,0.0075624279124101,-0.8660254037844387,0.5000000000000001,-1.286342577947986,126.33,97.16,0.1121,0.0247
2025-10-28 00:00:00+05:30,28.078611111111112,83.48784722222221,57.59618055555555,22.09583333333333,80.5,998.8791666666666,0.2166666666666666,-4.696989449941754,-9.058539371383295,0.0032512344620777,-0.8660254037844387,0.5000000000000001,-1.4150897465261274,126.33,97.16,0.1121,0.0247
2025-10-29 00:00:00+05:30,23.186319444444447,64.38645833333334,30.726736111111112,24.4375,76.16666666666667,996.8375,0.0,-5.06706548210815,-3.308880447316311,0.0052157905595496,-0.8660254037844387,0.5000000000000001,0.4629335405097863,126.33,97.16,0.1121,0.0247
2025-10-30 00:00:00+05:30,21.116979166666667,55.401388888888896,36.775,22.866666666666664,89.16666666666667,996.5708333333332,1.2,-11.312254314515842,-2.7775976247652294,0.0021951208998467,-0.8660254037844387,0.5000000000000001,-0.2685423848360131,126.33,97.16,0.1121,0.0247
2025-10-31 00:00:00+05:30,19.876006944444445,45.22152777777777,17.55,23.46666666666667,86.83333333333333,995.4541666666668,0.1208333333333333,-5.179440710327796,-6.336759310268593,0.011028384052339,-0.8660254037844387,0.5000000000000001,0.0701851840513199,126.33,97.16,0.1121,0.0247
2025-11-01 00:00:00+05:30,24.174965277777776,72.56076388888889,40.96822916666667,25.016666666666666,83.58333333333333,995.8833333333332,0.0041666666666666,5.639814762929459,-2.2245409695700293,0.0110599674959444,-0.5000000000000004,0.8660254037844384,-0.8914392971852183,126.33,97.16,0.1121,0.0247
2025-11-02 00:00:00+05:30,31.563020833333336,88.2673611111111,37.80416666666667,24.47083333333333,71.375,995.6958333333332,0.0,7.274686689055176,-2.0298605032744224,0.0094486132791831,-0.5000000000000004,0.8660254037844384,1.172764627528171,126.33,97.16,0.1121,0.0247
2025-11-03 00:00:00+05:30,29.234365079365077,163.9218253968254,67.58293650793651,23.6125,64.54166666666667,994.4875,0.0,9.03959343666475,-0.2154446272563671,0.0087744731840663,-0.5000000000000004,0.8660254037844384,2.8454374520417747,126.33,97.16,0.1121,0.0247
2025-11-04 00:00:00+05:30,23.265833333333333,224.59027777777777,90.37083333333334,23.695833333333336,65.0,994.7916666666666,0.0,2.0209446362122327,-2.0246752434377715,0.0142076307220392,-0.5000000000000004,0.8660254037844384,0.4662787618339339,126.33,97.16,0.1121,0.0247
2025-11-05 00:00:00+05:30,22.688680555555553,210.685,100.38083333333334,24.7625,67.625,994.0541666666668,0.0,3.853436273105469,-2.7982279398155057,0.0119528197639934,-0.5000000000000004,0.8660254037844384,0.1093460371329992,126.33,97.16,0.1121,0.0247
2025-11-06 00:00:00+05:30,23.002604166666668,139.7420138888889,80.15625,23.708333333333332,60.083333333333336,996.2333333333332,0.0,9.414455670977883,-3.247500919335693,0.0061156169880371,-0.5000000000000004,0.8660254037844384,-0.0338248584357751,126.33,97.16,0.1121,0.0247
2025-11-07 00:00:00+05:30,24.240069444444444,157.50104166666668,87.36944444444445,21.566666666666663,53.833333333333336,998.6291666666666,0.0,8.367358602289192,0.2479852385136954,0.0067127269340748,-0.5000000000000004,0.8660254037844384,0.126406939896037,126.33,97.16,0.1121,0.0247
2025-11-08 00:00:00+05:30,34.243993055555556,149.36423611111113,96.55,21.6875,58.708333333333336,999.4041666666668,0.0,7.395685084063294,0.2834541783152464,0.0083710313394933,-0.5000000000000004,0.8660254037844384,0.7171269029574099,126.33,97.16,0.1121,0.0247
2025-11-09 00:00:00+05:30,40.964618055555555,142.47569444444443,78.44652777777777,21.179166666666667,53.375,998.2583333333332,0.0,8.172875197946446,-0.9119410730762356,0.0075073072342675,-0.5000000000000004,0.8660254037844384,1.334890336381486,126.33,97.16,0.1121,0.0247
2025-11-10 00:00:00+05:30,38.10375,213.78645833333337,96.94583333333333,20.975,54.458333333333336,998.2791666666668,0.0,7.094948380499962,-0.811793894696529,0.0097833708176814,-0.5000000000000004,0.8660254037844384,0.5101917795590968,126.33,97.16,0.1121,0.0247
2025-11-11 00:00:00+05:30,34.299305555555556,213.065625,83.92569444444445,20.895833333333332,51.833333333333336,998.9,0.0,8.450854175103052,-2.0353242926569517,0.0084558618581395,-0.5000000000000004,0.8660254037844384,0.2678804363244597,126.33,97.16,0.1121,0.0247
2025-11-12 00:00:00+05:30,32.74048611111111,186.67465277777777,90.16145833333331,20.904166666666665,51.291666666666664,999.8875,0.0,9.336734958861946,-1.6730255006457633,0.0068788853982611,-0.5000000000000004,0.8660254037844384,0.090849853846928,126.33,97.16,0.1121,0.0247
2025-11-13 00:00:00+05:30,33.594479166666666,155.76805555555555,99.7,20.916666666666668,50.791666666666664,1001.425,0.0,7.519723518821702,-2.514835646562517,0.0087459252022301,-0.5000000000000004,0.8660254037844384,0.6180826047189039,126.33,97.16,0.1121,0.0247
2025-11-14 00:00:00+05:30,32.77836805555555,191.7072916666667,98.86076388888888,20.4,51.541666666666664,1001.5041666666666,0.0,6.3560826668610355,-2.770793430190384,0.0103965026407064,-0.5000000000000004,0.8660254037844384,1.027427140211628,126.33,97.16,0.1121,0.0247
2025-11-15 00:00:00+05:30,32.59211805555555,179.1916666666667,101.98923611111113,19.654166666666665,55.0,1002.4416666666666,0.0,4.223618054542901,-0.8798249799570481,0.0241873667707841,-0.5000000000000004,0.8660254037844384,0.6789396282113689,126.33,97.16,0.1121,0.0247
2025-11-16 00:00:00+05:30,32.29416666666666,255.19541666666663,125.62037037037037,20.175,56.958333333333336,1003.5916666666668,0.0,2.957386680560377,-1.0672623302028008,0.0256447093289151,-0.5000000000000004,0.8660254037844384,0.1575503718500555,126.33,97.16,0.1121,0.0247
2025-11-17 00:00:00+05:30,37.82333333333333,187.9732638888889,70.41319444444444,20.895833333333332,59.916666666666664,1003.3833333333332,0.0,0.7531412816904073,-1.690933046552985,0.0166783097293277,-0.5000000000000004,0.8660254037844384,0.0385868531537435,126.33,97.16,0.1121,0.0247
2025-11-18 00:00:00+05:30,37.51652777777778,143.31805555555556,89.87222222222222,21.55,58.375,1001.2333333333332,0.0,4.13600520762468,-2.7539641082944932,0.0111640186723513,-0.5000000000000004,0.8660254037844384,0.1242210192364848,126.33,97.16,0.1121,0.0247
2025-11-19 00:00:00+05:30,34.328854166666666,165.78715277777778,93.91111111111113,21.416666666666668,57.708333333333336,1001.3791666666666,0.0,-0.432318298475032,-0.9903348698228928,0.0271636887949345,-0.5000000000000004,0.8660254037844384,0.9925299887805474,126.33,97.16,0.1121,0.0247
2025-11-20 00:00:00+05:30,27.14236111111111,227.0548611111111,100.2767361111111,21.175,63.291666666666664,1002.2541666666666,0.0,-0.5590895186517689,-0.6358633767816173,0.0317241767370578,-0.5000000000000004,0.8660254037844384,0.5764307847198725,126.33,97.16,0.1121,0.0247
2025-11-21 00:00:00+05:30,27.058541666666667,162.50590277777778,96.553125,21.46666666666667,66.41666666666667,1003.2458333333334,0.0,1.2923952697997454,-2.2740480902460436,0.025067042596552,-0.5000000000000004,0.8660254037844384,-0.0313620865988601,126.33,97.16,0.1121,0.0247
2025-11-22 00:00:00+05:30,27.040208333333336,197.81076388888889,92.9375,21.1875,63.958333333333336,1001.5708333333332,0.0,5.012959138468568,-1.722221591446376,0.0116834774027791,-0.5000000000000004,0.8660254037844384,-0.425251799378004,126.33,97.16,0.1121,0.0247
2025-11-23 00:00:00+05:30,26.034791666666667,203.14791666666667,96.39305555555556,20.15,63.666666666666664,1001.7208333333332,0.0,3.9762856156670527,-1.5501572360187446,0.0204751226653974,-0.5000000000000004,0.8660254037844384,0.4691852574680056,126.33,97.16,0.1121,0.0247
2025-11-24 00:00:00+05:30,26.859687499999996,178.52256944444446,104.84166666666664,19.470833333333335,63.25,1003.1,0.0,3.1038279281428434,-0.901221124879325,0.0284386790190855,-0.5000000000000004,0.8660254037844384,0.969465873269264,126.33,97.16,0.1121,0.0247
2025-11-25 00:00:00+05:30,28.68177083333333,227.5427083333333,101.68055555555556,18.733333333333334,63.666666666666664,1002.5916666666668,0.0,5.276147393358877,-2.353680177873104,0.0189481715898142,-0.5000000000000004,0.8660254037844384,1.5196399859529444,126.33,97.16,0.1121,0.0247
2025-11-26 00:00:00+05:30,33.056215277777774,184.01840277777777,88.61805555555556,18.641666666666666,56.125,1003.0708333333332,0.0,3.232154603842167,-3.4221766746063262,0.0140200957331251,-0.5000000000000004,0.8660254037844384,0.5346546067306859,126.33,97.16,0.1121,0.0247
2025-11-27 00:00:00+05:30,24.315381944444443,172.8670138888889,87.07309027777778,19.075,61.458333333333336,1003.8208333333332,0.0,2.438337359216028,-3.3986695941435383,0.0167770839904422,-0.5000000000000004,0.8660254037844384,0.2586937530991794,126.33,97.16,0.1121,0.0247
2025-11-28 00:00:00+05:30,23.08017361111111,120.47673611111112,65.28645833333333,19.291666666666668,62.458333333333336,1002.1,0.0,5.906001135780201,-1.5667049752274502,0.0111333090831659,-0.5000000000000004,0.8660254037844384,0.072647254595859,126.33,97.16,0.1121,0.0247
2025-11-29 00:00:00+05:30,30.219062499999996,102.67326388888888,47.755208333333336,19.4,60.416666666666664,1000.2083333333334,0.0,8.208491121158188,0.2836657443631766,0.009376824280341,-0.5000000000000004,0.8660254037844384,0.2296498729419469,126.33,97.16,0.1121,0.0247
2025-11-30 00:00:00+05:30,30.238854166666663,123.521875,55.08159722222222,19.8625,57.291666666666664,999.5916666666668,0.0,9.05705266446253,-2.2960532190078795,0.0068807990750565,-0.5000000000000004,0.8660254037844384,0.903136406947494,126.33,97.16,0.1121,0.0247
2025-12-01 00:00:00+05:30,30.35180555555556,129.3737847222222,69.69375000000001,18.441666666666663,55.583333333333336,999.8125,0.0,6.341545917704824,-2.4115474938039996,0.0117179687707775,-2.4492935982947064e-16,1.0,0.4351316329844313,126.33,97.16,0.1121,0.0247
2025-12-02 00:00:00+05:30,30.93670138888889,170.15138888888887,80.81909722222223,18.6,54.958333333333336,999.7375,0.0,5.626350888104969,-2.4757133651994425,0.0131847351566569,-2.4492935982947064e-16,1.0,0.2401673365443627,126.33,97.16,0.1121,0.0247
2025-12-03 00:00:00+05:30,30.865555555555556,177.89131944444443,96.725,19.8375,63.208333333333336,1002.1375,0.0,5.235745673660168,-3.4376647179552573,0.0133018144325764,-2.4492935982947064e-16,1.0,-0.033694128421055,126.33,97.16,0.1121,0.0247
2025-12-04 00:00:00+05:30,29.1184375,156.3159722222222,71.80659722222222,17.179166666666667,57.166666666666664,1003.2875,0.0,8.577119154171596,-1.646970555882132,0.0062011019498536,-2.4492935982947064e-16,1.0,0.2121456255020006,126.33,97.16,0.1121,0.0247
2025-12-05 00:00:00+05:30,29.315520833333338,171.57326388888887,69.36319444444445,16.5125,57.625,1004.9291666666668,0.0,7.288041529128747,-2.554436313138466,0.0074162746558229,-2.4492935982947064e-16,1.0,0.7027392564075307,126.33,97.16,0.1121,0.0247
2025-12-06 00:00:00+05:30,31.34767361111111,167.3708333333333,102.50798611111112,16.770833333333332,59.541666666666664,1003.6708333333332,0.0,8.386155140532962,0.4214827699510048,0.0073627307825693,-2.4492935982947064e-16,1.0,0.6105671445158326,126.33,97.16,0.1121,0.0247
2025-12-07 00:00:00+05:30,38.22347222222222,192.61527777777775,107.2090277777778,17.420833333333334,63.25,1002.8625,0.0,8.185102260447463,-0.9597862722416716,0.0069691682144579,-2.4492935982947064e-16,1.0,0.5314540281503793,126.33,97.16,0.1121,0.0247
2025-12-08 00:00:00+05:30,26.723645833333332,174.1017361111111,94.30208333333331,17.454166666666666,65.5,1002.3333333333334,0.0,8.498483247359722,-1.1834419414421429,0.0074932312653313,-2.4492935982947064e-16,1.0,0.0518724366585882,126.33,97.16,0.1121,0.0247
2025-12-09 00:00:00+05:30,23.21815972222222,168.12256944444445,70.60208333333334,17.775000000000002,60.083333333333336,1001.9583333333334,0.0,9.161580782118056,-2.1026427906749854,0.0054417387490822,-2.4492935982947064e-16,1.0,0.0990553692489174,126.33,97.16,0.1121,0.0247
2025-12-10 00:00:00+05:30,31.726875000000003,185.82638888888889,83.10503472222221,17.620833333333334,60.166666666666664,1002.6,0.0,6.719723213879804,-1.4017492384915184,0.0091038427202697,-2.4492935982947064e-16,1.0,0.7034937185331739,126.33,97.16,0.1121,0.0247
2025-12-11 00:00:00+05:30,31.422569444444445,183.77638888888887,123.48819444444445,17.554166666666667,68.20833333333333,1001.25,0.0,6.1683355503303225,-2.593666104715201,0.0108124538270541,-2.4492935982947064e-16,1.0,1.2910897042367029,126.33,97.16,0.1121,0.0247
2025-12-12 00:00:00+05:30,35.0825,233.01388888888889,138.32222222222222,17.545833333333334,68.91666666666667,1000.8208333333332,0.0,2.4588958269244787,-1.5403070290931649,0.0217481503726781,-2.4492935982947064e-16,1.0,0.6398345429936725,126.33,97.16,0.1121,0.0247
2025-12-13 00:00:00+05:30,38.45100694444445,265.67395833333336,114.44791666666669,18.004166666666666,67.91666666666667,1001.875,0.0,-2.0865416192716544,-1.21549822602892,0.0179243103352153,-2.4492935982947064e-16,1.0,0.3239248115215137,126.33,97.16,0.1121,0.0247
2025-12-14 00:00:00+05:30,35.17076388888889,230.4122807017544,106.4782894736842,18.125,67.79166666666667,1002.8583333333332,0.0,0.5180610404382943,-1.1591904119173233,0.0263206956721735,-2.4492935982947064e-16,1.0,0.393517560852569,126.33,97.16,0.1121,0.0247
2025-12-15 00:00:00+05:30,21.860625,185.65798611111111,75.24722222222222,17.783333333333335,70.875,1002.5291666666668,0.0,5.719306383772559,-0.3666893860125951,0.0125953365438754,-2.4492935982947064e-16,1.0,0.4483576631189606,126.33,97.16,0.1121,0.0247
2025-12-16 00:00:00+05:30,25.4040625,180.08402777777778,106.88055555555556,17.329166666666666,73.83333333333333,1001.4375,0.0,8.105939460924985,-0.3865076950469273,0.0067120738257209,-2.4492935982947064e-16,1.0,1.078626374969079,126.33,97.16,0.1121,0.0247
2025-12-17 00:00:00+05:30,31.07756944444445,199.52881944444445,106.81006944444444,16.345833333333335,79.04166666666667,1002.5458333333332,0.0,4.1793494366563495,-1.7671118639590082,0.0122201470750493,-2.4492935982947064e-16,1.0,0.3135980803455991,126.33,97.16,0.1121,0.0247
2025-12-18 00:00:00+05:30,31.090763888888887,169.88368055555554,99.48368055555557,15.391666666666666,83.54166666666667,1002.9125,0.0,0.871640842551782,-1.8550269272427649,0.0263835826176308,-2.4492935982947064e-16,1.0,-0.0756877961230674,126.33,97.16,0.1121,0.0247
2025-12-19 00:00:00+05:30,31.52288194444445,168.60555555555555,89.86354166666666,13.829166666666666,87.25,1001.3541666666666,0.0,3.7162004035786422,0.0171691503101953,0.0218894309412878,-2.4492935982947064e-16,1.0,-0.2237017410803927,126.33,97.16,0.1121,0.0247
2025-12-20 00:00:00+05:30,32.6165625,160.821875,105.90243055555555,13.445833333333333,82.0,1001.1375,0.0,-1.1189402185033326,-0.0691832215566816,0.0184637445271117,-2.4492935982947064e-16,1.0,0.2285526210421544,126.33,97.16,0.1121,0.0247
2025-12-21 00:00:00+05:30,33.954652777777774,166.03402777777777,117.6204861111111,13.3875,82.33333333333333,1002.6125,0.0,-0.5745235146569044,-0.7344822982041109,0.0366315327559947,-2.4492935982947064e-16,1.0,-0.5221974364612978,126.33,97.16,0.1121,0.0247
2025-12-22 00:00:00+05:30,28.6675,176.4173611111111,111.92170138888888,14.5,82.375,1002.2333333333332,0.0,2.1549333434892293,0.0532908348874565,0.0276381224791913,-2.4492935982947064e-16,1.0,0.7793511044597315,126.33,97.16,0.1121,0.0247
2025-12-23 00:00:00+05:30,23.920659722222226,124.5215277777778,81.40625,14.954166666666666,87.54166666666667,999.9041666666668,0.0,6.247463626020191,0.927674957591644,0.0116968128242501,-2.4492935982947064e-16,1.0,-0.1797335222181557,126.33,97.16,0.1121,0.0247
2025-12-24 00:00:00+05:30,22.85506944444444,182.09270833333335,96.68854166666668,15.6125,84.04166666666667,1000.2083333333334,0.0,4.5568419055768645,-0.8074548559063439,0.0163840568835468,-2.4492935982947064e-16,1.0,-0.5495742470705068,126.33,97.16,0.1121,0.0247
2025-12-25 00:00:00+05:30,21.59878472222222,176.9375,81.14125,14.183333333333332,82.375,1001.7458333333334,0.0,2.1419408772207817,-0.6467302587212117,0.025270664741936,-2.4492935982947064e-16,1.0,-0.4628167953714608,126.33,97.16,0.1121,0.0247
2025-12-26 00:00:00+05:30,28.425208333333337,249.97430555555556,89.93645833333333,14.458333333333334,82.54166666666667,1001.9291666666668,0.0,4.619913987870218,-2.3368480899137416,0.0149443754542519,-2.4492935982947064e-16,1.0,-0.2351099456702428,126.33,97.16,0.1121,0.0247
2025-12-27 00:00:00+05:30,31.236666666666668,171.203125,65.27833333333334,14.808333333333332,81.29166666666667,1001.7625,0.0,4.579149700815946,-0.2630290633493033,0.0218053980208657,-2.4492935982947064e-16,1.0,0.6627559199349581,126.33,97.16,0.1121,0.0247
2025-12-28 00:00:00+05:30,31.633993055555553,186.7385416666667,101.48333333333332,14.054166666666667,85.29166666666667,1002.6791666666668,0.0,1.9037517570412292,-0.0196570078355701,0.0353306447153335,-2.4492935982947064e-16,1.0,0.0357239674866409,126.33,97.16,0.1121,0.0247
2025-12-29 00:00:00+05:30,21.00916666666667,229.2065972222222,97.00416666666666,13.220833333333331,85.66666666666667,1002.6625,0.0,3.3710373986156785,0.1400656025134771,0.0225584314638035,-2.4492935982947064e-16,1.0,-0.4895401998092527,126.33,97.16,0.1121,0.0247
2025-12-30 00:00:00+05:30,20.933298611111113,277.8873263888889,114.4421875,12.4375,87.91666666666667,1000.0458333333332,0.0,2.715954814211162,1.3036108668376314,0.0337829389647346,-2.4492935982947064e-16,1.0,-0.4179558573760563,126.33,97.16,0.1121,0.0247
2025-12-31 00:00:00+05:30,31.623506944444443,224.88767361111113,108.30868055555555,12.445833333333333,87.625,998.9541666666668,0.0,-5.0498838752856114,0.9159768716870134,0.0148305664948326,-2.4492935982947064e-16,1.0,0.3068963429900354,126.33,97.16,0.1121,0.0247
2026-01-01 00:00:00+05:30,31.597951388888887,274.7315972222222,99.34027777777776,13.7375,81.875,999.6833333333334,0.0,-1.5871076385636098,-1.127855133986227,0.0180165035264299,0.4999999999999998,0.8660254037844387,0.9614197668217392,126.33,97.16,0.1121,0.0247
2026-01-02 00:00:00+05:30,31.18177083333333,248.52791666666667,113.02583333333334,14.983333333333334,83.58333333333333,1002.0416666666666,0.0,6.251979050115878,-2.3285221862515595,0.0093078892606882,0.4999999999999998,0.8660254037844387,0.0284449656076756,126.33,97.16,0.1121,0.0247
2026-01-03 00:00:00+05:30,31.19357638888889,154.08993055555555,54.33680555555555,14.658333333333331,76.70833333333333,1003.6666666666666,0.0041666666666666,3.066467476559154,-3.0699698476239217,0.0117737779736601,0.4999999999999998,0.8660254037844387,-0.1173002770472314,126.33,97.16,0.1121,0.0247
2026-01-04 00:00:00+05:30,31.476423611111112,294.72465277777775,99.2517361111111,12.579166666666666,78.5,1005.025,0.0,3.1915437763419607,-0.3138721023381414,0.0246133722154565,0.4999999999999998,0.8660254037844387,-0.5262369300806181,126.33,97.16,0.1121,0.0247
2026-01-05 00:00:00+05:30,33.281875,241.48680555555555,101.48819444444445,13.620833333333332,74.625,1005.6708333333332,0.0,5.580914560205671,-1.483063523869987,0.0111963544268586,0.4999999999999998,0.8660254037844387,-0.1335722792267504,126.33,97.16,0.1121,0.0247
2026-01-06 00:00:00+05:30,32.82486111111111,216.65347222222223,78.99444444444444,12.954166666666666,81.54166666666667,1005.5458333333332,0.0,4.262754308853205,-0.9613968394962789,0.015075657524828,0.4999999999999998,0.8660254037844387,0.4153395263183101,126.33,97.16,0.1121,0.0247
2026-01-07 00:00:00+05:30,32.407916666666665,172.41093750000002,92.81684027777776,12.379166666666668,85.79166666666667,1006.3708333333334,0.0,4.283114959960046,-1.272122290116834,0.0154945812871462,0.4999999999999998,0.8660254037844387,0.263124033254472,126.33,97.16,0.1121,0.0247
2026-01-08 00:00:00+05:30,32.44309027777778,304.10034722222224,93.69548611111112,11.129166666666668,85.70833333333333,1007.0791666666668,0.0,2.7308843339431097,-1.3412191700764886,0.0161188619679369,0.4999999999999998,0.8660254037844387,-0.0865866636720847,126.33,97.16,0.1121,0.0247
2026-01-09 00:00:00+05:30,32.79736111111111,155.32638888888889,78.66805555555555,11.879166666666668,81.33333333333333,1005.7,0.0,2.4685603842252895,-2.171330751923918,0.0123148843634307,0.4999999999999998,0.8660254037844387,-0.0819830728862879,126.33,97.16,0.1121,0.0247
