Source_File,Unnamed: 0,no2,pm10,pm25,temperature_2m,relative_humidity_2m,surface_pressure,precipitation,U_wind,V_wind,inv_PBLH,month_sin,month_cos,AER_AI,elevation,pop_density,ndvi,ndbi
Ahmedabad_C15_stage1.csv,2025-02-19 00:00:00+05:30,28.28227272727273,67.66439393939395,35.234848484848484,27.66818181818182,33.31818181818182,1005.6136363636364,0.0,7.430932477813841,-1.9962695924665852,0.0034221040953577,0.8660254037844386,0.5000000000000001,0.8142710106962299,54.134,298.929,0.0612,0.0463
Ahmedabad_C15_stage1.csv,2025-02-20 00:00:00+05:30,28.880570175438596,63.14956140350878,33.367105263157896,27.5125,36.291666666666664,1006.4083333333332,0.0,7.496398809421936,-2.3757964660151245,0.0028931418311752,0.8660254037844387,0.5000000000000001,0.750861310638702,54.134,298.929,0.0612,0.0463
Ahmedabad_C15_stage1.csv,2025-02-21 00:00:00+05:30,37.87373188405797,102.30434782608695,54.58297101449275,28.175,31.5,1008.6625,0.0,3.0330702681186565,-6.77978427504486,0.0062088055431461,0.8660254037844387,0.5000000000000001,0.8637679256483445,54.134,298.929,0.0612,0.0463
Ahmedabad_C16_stage1.csv,2026-01-20 00:00:00+05:30,60.743750000000006,224.6625,58.285625,23.05,37.5,1008.675,0.0,-2.619909258504481,-7.0160227855409545,0.0082215690911342,0.4999999999999999,0.8660254037844387,0.3683876262706012,54.134,298.929,0.0612,0.0463
Ahmedabad_C16_stage1.csv,2026-01-21 00:00:00+05:30,25.700104166666662,153.30121527777777,47.950503472222216,23.52916666666667,44.333333333333336,1008.4875,0.0,-6.851055698909545,-2.3755925998102323,0.0039643601746132,0.4999999999999998,0.8660254037844387,0.3864670677281852,54.134,298.929,0.0612,0.0463
Ahmedabad_C16_stage1.csv,2026-01-22 00:00:00+05:30,34.858975694444446,184.58333333333337,66.33244791666667,24.4,49.875,1007.675,0.0041666666666666,-0.9829198973449786,4.1822467226196025,0.0051314823743963,0.4999999999999998,0.8660254037844387,0.128877201390935,54.134,298.929,0.0612,0.0463
Delhi_C14_stage1.csv,2025-03-04 00:00:00+05:30,59.8805,112.87416666666664,69.3125,20.98,47.4,987.55,0.0,10.894229636435911,-7.971065857926787,0.0009487075013675,1.0,6.123233995736766e-17,0.0308336737248103,222.8,251.063,0.1033,-0.0081
Delhi_C14_stage1.csv,2025-03-05 00:00:00+05:30,59.30916666666667,120.79074074074076,85.4587962962963,17.8125,45.583333333333336,986.9375,0.0,15.105733174842335,-8.267220954905442,0.0012536677014215,1.0,6.123233995736766e-17,0.3445767362642589,222.8,251.063,0.1033,-0.0081
Delhi_C14_stage1.csv,2025-03-06 00:00:00+05:30,67.30190972222222,140.07534722222223,98.95416666666668,19.8625,39.041666666666664,985.1041666666666,0.0,9.379941803160357,-2.756133740297908,0.0066143584148688,1.0,6.123233995736766e-17,0.2600771181499666,222.8,251.063,0.1033,-0.0081
Delhi_C15_stage1.csv,2026-01-20 00:00:00+05:30,85.87020833333334,598.63125,209.62708333333333,16.975,71.0,990.0,0.0,1.2097142186836218,-4.946296269287845,0.0113392857142857,0.4999999999999999,0.8660254037844387,-0.3123978230665025,222.8,251.063,0.1033,-0.0081
Delhi_C15_stage1.csv,2026-01-21 00:00:00+05:30,67.90274305555555,298.34548611111114,135.29965277777777,16.504166666666666,64.125,990.5333333333332,0.0,3.950982144959207,-3.096129956029943,0.0091103099834282,0.4999999999999998,0.8660254037844387,0.2584491853305656,222.8,251.063,0.1033,-0.0081
Delhi_C15_stage1.csv,2026-01-22 00:00:00+05:30,114.22935763888889,311.05833333333334,138.18559027777778,16.8875,64.125,989.1166666666668,0.0,-2.6021434161945813,1.960298175497372,0.013385582751999,0.4999999999999998,0.8660254037844387,0.9298924616471071,222.8,251.063,0.1033,-0.0081
Hyderabad_C19_stage1.csv,2025-02-19 00:00:00+05:30,20.971153846153847,,32.12179487179487,31.67692307692308,28.46153846153846,954.3384615384616,0.0,2.900782530217708,2.422653603789665,0.0029198937172953,0.8660254037844386,0.5000000000000001,0.0837721131416222,515.969,168.367,0.1181,0.0571
Hyderabad_C19_stage1.csv,2025-02-20 00:00:00+05:30,21.765625,,42.46527777777778,28.316666666666663,42.041666666666664,955.55,0.0208333333333333,-1.961478680921172,1.8877204373530991,0.0050687007191871,0.8660254037844387,0.5000000000000001,0.388649872493279,515.969,168.367,0.1181,0.0571
Hyderabad_C19_stage1.csv,2025-02-21 00:00:00+05:30,21.301041666666663,,32.06944444444444,27.7875,48.333333333333336,957.1,0.0,-3.941634068926834,0.9737008533162452,0.003462722648754,0.8660254037844387,0.5000000000000001,-0.2536902883822427,515.969,168.367,0.1181,0.0571
Hyderabad_C20_stage1.csv,2026-01-20 00:00:00+05:30,22.38125,,40.3125,23.3,43.5,956.625,0.0,-7.345057190800279,2.6490363281015075,0.0033326116174952,0.4999999999999999,0.8660254037844387,-0.3906721534769247,515.969,168.367,0.1181,0.0571
Hyderabad_C20_stage1.csv,2026-01-21 00:00:00+05:30,22.277083333333337,,43.19097222222222,22.691666666666663,50.958333333333336,957.3583333333332,0.0,-8.327137161298944,2.2923715785476433,0.0026625602045933,0.4999999999999998,0.8660254037844387,0.0426409399020074,515.969,168.367,0.1181,0.0571
Hyderabad_C20_stage1.csv,2026-01-22 00:00:00+05:30,40.36875,,40.338541666666664,22.425,48.708333333333336,957.875,0.0,-7.003649960182314,3.2791425665636846,0.0033433392871009,0.4999999999999998,0.8660254037844387,0.2588974113408941,515.969,168.367,0.1181,0.0571
Kolkata_C20_stage1.csv,2025-02-19 00:00:00+05:30,44.30786231884058,83.10630434782608,42.5504347826087,23.482608695652175,81.30434782608695,1011.3260869565216,0.5565217391304348,-0.4839420434964067,1.9599160388171015,0.0078558520046138,0.8660254037844386,0.5000000000000001,-0.4795246918681398,10.753,299.411,0.0859,0.0325
Kolkata_C20_stage1.csv,2025-02-20 00:00:00+05:30,30.292395833333337,64.21472222222222,32.88333333333333,22.775,86.25,1012.6541666666668,0.475,-1.307967368479144,1.9105132065781043,0.006265919466652,0.8660254037844387,0.5000000000000001,-1.2968764029780675,10.753,299.411,0.0859,0.0325
Kolkata_C20_stage1.csv,2025-02-21 00:00:00+05:30,40.11708333333333,92.64885416666668,47.436145833333335,23.9625,79.41666666666667,1012.8708333333334,0.0,2.010858048692937,0.5697608086499389,0.0079647700236373,0.8660254037844387,0.5000000000000001,-0.3974115406218639,10.753,299.411,0.0859,0.0325
Kolkata_C21_stage1.csv,2026-01-20 00:00:00+05:30,76.59729166666666,378.32375,198.819375,22.375,53.5,1013.65,0.0,-3.083043523636601,1.8891892298324413,0.015819964349376,0.4999999999999999,0.8660254037844387,0.0810723923445387,10.753,299.411,0.0859,0.0325
Kolkata_C21_stage1.csv,2026-01-21 00:00:00+05:30,50.82295138888889,243.30972222222223,129.6982986111111,22.9,54.875,1014.1291666666666,0.0,1.1839296249103473,-3.7135111185291874,0.0119243252629704,0.4999999999999998,0.8660254037844387,-0.2565269969754109,10.753,299.411,0.0859,0.0325
Kolkata_C21_stage1.csv,2026-01-22 00:00:00+05:30,46.231701388888894,187.2701388888889,101.00135416666669,21.941666666666663,49.25,1015.425,0.0,-0.0840002112338929,-5.584356306061191,0.0050599116836603,0.4999999999999998,0.8660254037844387,-0.2225597580498354,10.753,299.411,0.0859,0.0325
Lucknow_C1_stage1.csv,2025-02-19 00:00:00+05:30,46.22833333333333,185.6735507246377,83.70507246376812,22.01304347826087,47.869565217391305,997.8260869565216,0.0,4.550923376134031,-1.4104222200046053,0.0131745331400944,0.8660254037844386,0.5000000000000001,-0.1144786083074121,126.33,97.16,0.1121,0.0247
Lucknow_C1_stage1.csv,2025-02-20 00:00:00+05:30,45.16350694444444,206.47256944444447,92.05416666666667,22.2625,48.041666666666664,999.1375,0.0,-5.240601174683992,-1.4257464046460837,0.0106117373907098,0.8660254037844387,0.5000000000000001,-0.6212542995903269,126.33,97.16,0.1121,0.0247
Lucknow_C1_stage1.csv,2025-02-21 00:00:00+05:30,38.21729166666667,179.7173611111111,80.46354166666667,22.629166666666663,55.125,1000.1708333333332,0.0,-0.1422570582043846,-2.185599912118744,0.0078760769511628,0.8660254037844387,0.5000000000000001,0.6437724376770132,126.33,97.16,0.1121,0.0247
Maninagar Ahmedabad Gpcb_C18_stage1.csv,2026-01-20 00:00:00+05:30,81.923125,226.516875,86.995,23.05,37.5,1009.25,0.0,-2.619909258504481,-7.0160227855409545,0.0082215690911342,0.4999999999999999,0.8660254037844387,0.3571035426838908,47.538,292.527,0.078,0.017
Maninagar Ahmedabad Gpcb_C18_stage1.csv,2026-01-21 00:00:00+05:30,90.71193055555555,136.01927083333334,69.07347222222222,23.52916666666667,44.333333333333336,1009.0583333333334,0.0,-6.851055698909545,-2.3755925998102323,0.0039643601746132,0.4999999999999998,0.8660254037844387,0.3736116689265045,47.538,292.527,0.078,0.017
Maninagar Ahmedabad Gpcb_C18_stage1.csv,2026-01-22 00:00:00+05:30,88.16932552083334,139.91515625,74.81758680555556,24.4,49.875,1008.2458333333334,0.0041666666666666,-0.9829198973449786,4.1822467226196025,0.0051314823743963,0.4999999999999998,0.8660254037844387,0.110213748996318,47.538,292.527,0.078,0.017
Patna_C20_stage1.csv,2026-01-20 00:00:00+05:30,21.09166666666667,257.5541666666667,90.90416666666668,18.4,77.5,1009.4,0.0,9.779136624979456,-0.0124538729693595,0.0108280812324929,0.4999999999999999,0.8660254037844387,-0.2913773474059004,55.91,229.5,0.1103,0.0236
Patna_C20_stage1.csv,2026-01-21 00:00:00+05:30,29.502013888888893,141.1940972222222,63.75243055555555,18.433333333333337,66.33333333333333,1010.3375,0.0,9.349892023654492,0.4616991578607622,0.0079292761304776,0.4999999999999998,0.8660254037844387,-0.2211922979610306,55.91,229.5,0.1103,0.0236
Patna_C20_stage1.csv,2026-01-22 00:00:00+05:30,30.48399305555556,153.259375,57.299826388888896,17.608333333333334,65.91666666666667,1011.3541666666666,0.0,5.718012832341759,-0.7897228533048692,0.0170904402303331,0.4999999999999998,0.8660254037844387,0.0666188281081476,55.91,229.5,0.1103,0.0236
