Source_File,Unnamed: 0,no2,pm10,pm25,temperature_2m,relative_humidity_2m,surface_pressure,precipitation,U_wind,V_wind,inv_PBLH,hour_sin,hour_cos,month_sin,month_cos,elevation,pop_density,ndvi,ndbi
Ahmedabad_C15_multimodal.csv,2025-02-18 20:30:00+00:00,17.56,61.9,32.300000000000004,24.4,37,1005.7,0.0,9.712423521448198,-5.164187190644794,0.0045454545454545,0.4999999999999999,0.8660254037844387,0.8660254037844386,0.5000000000000001,54.134,298.929,0.0612,0.0463
Ahmedabad_C15_multimodal.csv,2025-02-18 21:30:00+00:00,27.77,38.266666666666666,20.433333333333337,23.6,40,1005.3,0.0,9.00025665737218,-5.407899786555569,0.0048780487804878,0.7071067811865475,0.7071067811865476,0.8660254037844386,0.5000000000000001,54.134,298.929,0.0612,0.0463
Ahmedabad_C15_multimodal.csv,2025-02-18 22:30:00+00:00,22.16,55.75,29.325000000000003,22.9,42,1005.1,0.0,8.120071097061167,-6.813548662677316,0.0054054054054054,0.8660254037844386,0.5000000000000001,0.8660254037844386,0.5000000000000001,54.134,298.929,0.0612,0.0463
Ahmedabad_C16_multimodal.csv,2026-01-20 14:30:00+00:00,63.31,191.0,52.65,25.0,32,1008.4,0.0,-1.6208767005177738,-6.500981366049176,0.0076923076923076,-0.8660254037844386,0.5000000000000001,0.4999999999999999,0.8660254037844387,54.134,298.929,0.0612,0.0463
Ahmedabad_C16_multimodal.csv,2026-01-20 15:30:00+00:00,61.805,221.975,51.8425,23.8,35,1008.7,0.0,-2.1224076397908935,-7.401715058725055,0.009090909090909,-0.7071067811865477,0.7071067811865474,0.4999999999999999,0.8660254037844387,54.134,298.929,0.0612,0.0463
Ahmedabad_C16_multimodal.csv,2026-01-20 16:30:00+00:00,61.21,236.775,59.08,22.3,40,1008.9,0.0,-2.2050988465359933,-7.690093567506551,0.008695652173913,-0.5000000000000004,0.8660254037844384,0.4999999999999999,0.8660254037844387,54.134,298.929,0.0612,0.0463
Delhi_C14_multimodal.csv,2025-03-04 08:30:00+00:00,64.63666666666667,135.7,41.9,24.8,41,986.2,0.0,9.34403546755333,-7.04123577087896,0.0004228329809725,-0.4999999999999998,-0.8660254037844388,1.0,6.123233995736766e-17,222.8,251.063,0.1033,-0.0081
Delhi_C14_multimodal.csv,2025-03-04 09:30:00+00:00,47.085,87.925,28.875,24.7,39,986.1,0.0,10.70171583463373,-8.064321310237442,0.0004098360655737,-0.7071067811865471,-0.7071067811865479,1.0,6.123233995736766e-17,222.8,251.063,0.1033,-0.0081
Delhi_C14_multimodal.csv,2025-03-04 10:30:00+00:00,57.6075,125.75,60.099999999999994,24.1,40,986.2,0.0,11.95961984661928,-8.374215970725272,0.000453514739229,-0.8660254037844384,-0.5000000000000004,1.0,6.123233995736766e-17,222.8,251.063,0.1033,-0.0081
Delhi_C15_multimodal.csv,2026-01-20 14:30:00+00:00,85.34,663.5,219.7,18.4,63,989.6,0.0,1.9927287552953008,-4.694574752607443,0.0095238095238095,-0.8660254037844386,0.5000000000000001,0.4999999999999999,0.8660254037844387,222.8,251.063,0.1033,-0.0081
Delhi_C15_multimodal.csv,2026-01-20 15:30:00+00:00,94.155,689.375,219.175,17.1,70,990.0,0.0,0.7352419856890863,-4.6421352007971475,0.0133333333333333,-0.7071067811865477,0.7071067811865474,0.4999999999999999,0.8660254037844387,222.8,251.063,0.1033,-0.0081
Delhi_C15_multimodal.csv,2026-01-20 16:30:00+00:00,97.2325,554.15,203.0,16.3,75,990.1,0.0,0.5121894700115017,-4.873157287304539,0.0125,-0.5000000000000004,0.8660254037844384,0.4999999999999999,0.8660254037844387,222.8,251.063,0.1033,-0.0081
Hyderabad_C19_multimodal.csv,2025-02-19 05:30:00+00:00,20.299999999999997,,30.5,31.9,28,956.7,0.0,6.978569960182203,3.2541606154033897,0.000523560209424,0.258819045102521,-0.9659258262890682,0.8660254037844386,0.5000000000000001,515.969,168.367,0.1181,0.0571
Hyderabad_C19_multimodal.csv,2025-02-19 06:30:00+00:00,20.075,,28.75,32.9,26,955.6,0.0,6.628421028130131,2.5444124417716347,0.0004115226337448,1.2246467991473532e-16,-1.0,0.8660254037844386,0.5000000000000001,515.969,168.367,0.1181,0.0571
Hyderabad_C19_multimodal.csv,2025-02-19 07:30:00+00:00,19.325,,27.5,33.6,24,954.3,0.0,6.415246974156248,3.2687315981247385,0.000377358490566,-0.2588190451025208,-0.9659258262890684,0.8660254037844386,0.5000000000000001,515.969,168.367,0.1181,0.0571
Hyderabad_C20_multimodal.csv,2026-01-20 14:30:00+00:00,21.9,,38.0,24.6,39,956.6,0.0,-7.880831174438392,4.549999999999998,0.0021978021978021,-0.8660254037844386,0.5000000000000001,0.4999999999999999,0.8660254037844387,515.969,168.367,0.1181,0.0571
Hyderabad_C20_multimodal.csv,2026-01-20 15:30:00+00:00,22.25,,38.75,23.7,41,956.8,0.0,-6.953994388482693,4.345337966712279,0.0027777777777777,-0.7071067811865477,0.7071067811865474,0.4999999999999999,0.8660254037844387,515.969,168.367,0.1181,0.0571
Hyderabad_C20_multimodal.csv,2026-01-20 16:30:00+00:00,22.5,,41.25,22.9,44,956.8,0.0,-7.185941174554808,2.474317973874389,0.0046511627906976,-0.5000000000000004,0.8660254037844384,0.4999999999999999,0.8660254037844387,515.969,168.367,0.1181,0.0571
Kolkata_C20_multimodal.csv,2025-02-18 19:30:00+00:00,50.83,70.88,36.29,21.2,93,1010.9,0.0,1.4334717981812015,3.7343217059888065,0.0083333333333333,0.2588190451025207,0.9659258262890684,0.8660254037844386,0.5000000000000001,10.753,299.411,0.0859,0.0325
Kolkata_C20_multimodal.csv,2025-02-18 20:30:00+00:00,47.3325,64.425,32.987500000000004,21.1,95,1010.5,0.0,2.67372378560224,0.3757673725921753,0.0142857142857142,0.4999999999999999,0.8660254037844387,0.8660254037844386,0.5000000000000001,10.753,299.411,0.0859,0.0325
Kolkata_C20_multimodal.csv,2025-02-18 21:30:00+00:00,47.4125,70.13,35.910000000000004,21.2,95,1010.6,0.0,2.914555953282632,-4.66426452886034,0.0105263157894736,0.7071067811865475,0.7071067811865476,0.8660254037844386,0.5000000000000001,10.753,299.411,0.0859,0.0325
Kolkata_C21_multimodal.csv,2026-01-20 14:30:00+00:00,74.36,361.43,190.17,23.8,47,1013.5,0.0,-4.112110450641053,1.2571983303077676,0.0117647058823529,-0.8660254037844386,0.5000000000000001,0.4999999999999999,0.8660254037844387,10.753,299.411,0.0859,0.0325
Kolkata_C21_multimodal.csv,2026-01-20 15:30:00+00:00,79.395,380.4275,199.895,23.0,50,1013.8,0.0,-4.45048250192058,1.798111648396378,0.0111111111111111,-0.7071067811865477,0.7071067811865474,0.4999999999999999,0.8660254037844387,10.753,299.411,0.0859,0.0325
Kolkata_C21_multimodal.csv,2026-01-20 16:30:00+00:00,78.6975,417.9175,219.0925,21.8,57,1013.7,0.0,-2.71892336110995,1.267854785222098,0.0181818181818181,-0.5000000000000004,0.8660254037844384,0.4999999999999999,0.8660254037844387,10.753,299.411,0.0859,0.0325
Lucknow_C1_multimodal.csv,2025-02-18 19:30:00+00:00,52.14,203.1,98.6,17.5,65,997.8,0.0,7.893418014601632,-2.8729692039356127,0.0153846153846153,0.2588190451025207,0.9659258262890684,0.8660254037844386,0.5000000000000001,126.33,97.16,0.1121,0.0247
Lucknow_C1_multimodal.csv,2025-02-18 20:30:00+00:00,50.3,204.95,99.55,17.0,65,997.3,0.0,8.657389737091334,-5.201884556591547,0.0105263157894736,0.4999999999999999,0.8660254037844387,0.8660254037844386,0.5000000000000001,126.33,97.16,0.1121,0.0247
Lucknow_C1_multimodal.csv,2025-02-18 21:30:00+00:00,47.02,206.5666666666667,97.5,16.8,63,997.1,0.0,8.29037572555042,-5.591929034707462,0.009090909090909,0.7071067811865475,0.7071067811865476,0.8660254037844386,0.5000000000000001,126.33,97.16,0.1121,0.0247
Maninagar Ahmedabad Gpcb_C18_multimodal.csv,2026-01-20 14:30:00+00:00,81.877,271.44,89.8,25.0,32,1008.9,0.0,-1.6208767005177738,-6.500981366049176,0.0076923076923076,-0.8660254037844386,0.5000000000000001,0.4999999999999999,0.8660254037844387,47.538,292.527,0.078,0.017
Maninagar Ahmedabad Gpcb_C18_multimodal.csv,2026-01-20 15:30:00+00:00,81.959,267.7825,96.81,23.8,35,1009.3,0.0,-2.1224076397908935,-7.401715058725055,0.009090909090909,-0.7071067811865477,0.7071067811865474,0.4999999999999999,0.8660254037844387,47.538,292.527,0.078,0.017
Maninagar Ahmedabad Gpcb_C18_multimodal.csv,2026-01-20 16:30:00+00:00,81.89237499999999,194.2575,87.705,22.3,40,1009.5,0.0,-2.2050988465359933,-7.690093567506551,0.008695652173913,-0.5000000000000004,0.8660254037844384,0.4999999999999999,0.8660254037844387,47.538,292.527,0.078,0.017
Patna_C20_multimodal.csv,2026-01-20 14:30:00+00:00,22.38,253.1,86.7,19.4,73,1009.4,0.0,9.676371287520292,0.676637795318018,0.0095238095238095,-0.8660254037844386,0.5000000000000001,0.4999999999999999,0.8660254037844387,55.91,229.5,0.1103,0.0236
Patna_C20_multimodal.csv,2026-01-20 15:30:00+00:00,22.933333333333337,263.06666666666666,100.06666666666666,18.7,76,1009.6,0.0,8.987665812791164,0.4710236061864987,0.0117647058823529,-0.7071067811865477,0.7071067811865474,0.4999999999999999,0.8660254037844387,55.91,229.5,0.1103,0.0236
Patna_C20_multimodal.csv,2026-01-20 16:30:00+00:00,21.16,248.55,92.45,17.9,81,1009.3,0.0,9.686706487119366,0.5076587755565597,0.0125,-0.5000000000000004,0.8660254037844384,0.4999999999999999,0.8660254037844387,55.91,229.5,0.1103,0.0236
